页签,序号,项目名称,分类,上游地址,仓库是否删除,entity_type
昇腾,1,transformers,训练加速,https://github.com/huggingface/transformers,,repo
昇腾,2,accelerate,训练加速,https://github.com/huggingface/accelerate,,repo
昇腾,3,PEFT,训练加速,https://github.com/huggingface/peft,,repo
昇腾,4,TRL,训练加速,https://github.com/huggingface/trl,,repo
昇腾,5,diffusers,推理加速,https://github.com/huggingface/diffusers,,repo
昇腾,6,timm,推理加速,https://github.com/huggingface/pytorch-image-models,,repo
昇腾,7,TGI,推理加速,https://github.com/huggingface/text-generation-inference,,repo
昇腾,8,LlamaFactory,训练加速,https://github.com/hiyouga/LlamaFactory,,repo
昇腾,9,FastChat,推理加速,https://github.com/lm-sys/FastChat,,repo
昇腾,10,stable-diffusion-webui,推理加速,https://github.com/AUTOMATIC1111/stable-diffusion-webui,,repo
昇腾,11,lm-eval-harness,推理加速,https://github.com/EleutherAI/lm-evaluation-harness,,repo
昇腾,12,opencompass,推理加速,https://github.com/open-compass/opencompass,,repo
昇腾,13,axolotl,训练加速,https://github.com/axolotl-ai-cloud/axolotl,,repo
昇腾,14,openclip,推理加速,https://github.com/mlfoundations/open_clip,,repo
昇腾,15,InternLM,推理加速,https://github.com/InternLM/InternLM,,repo
昇腾,16,Ollama,推理加速,https://github.com/ollama/ollama,,repo
昇腾,17,OPEA,推理加速,https://github.com/opea-project,,organization
昇腾,18,unsolth,训练加速,https://github.com/unslothai/unsloth,,repo
昇腾,19,OpenRLHF,训练加速,https://github.com/OpenRLHF/OpenRLHF,,repo
昇腾,20,veRL,训练加速,https://github.com/verl-project/verl,,repo
昇腾,21,ChatLearn,训练加速,https://github.com/alibaba/ChatLearn,,repo
昇腾,22,OpenMMLab,训练加速,https://github.com/open-mmlab,,organization
昇腾,23,ModelScope,推理加速,https://github.com/modelscope,,organization
昇腾,24,ComfyUI,推理加速,https://github.com/Comfy-Org/ComfyUI,,repo
昇腾,25,DeepSpeed,训练加速,https://github.com/deepspeedai/DeepSpeed,,repo
昇腾,26,OpenCV,推理加速,https://github.com/opencv/opencv,,repo
昇腾,27,ONNXRuntime,推理加速,https://github.com/microsoft/onnxruntime,,repo
昇腾,28,llama.cpp,推理加速,https://github.com/ggml-org/llama.cpp,,repo
昇腾,29,whisper,推理加速,https://github.com/ggml-org/whisper.cpp,,repo
昇腾,30,wenet,推理加速,https://github.com/wenet-e2e/wenet,,repo
昇腾,31,vLLM社区,推理加速,https://github.com/vllm-project,,organization
昇腾,32,SGLang社区,推理加速,https://github.com/sgl-project,,organization
昇腾,33,Kserver,推理加速,https://github.com/kserve/kserve,,repo
昇腾,34,Kubernetes DRA,推理加速,https://github.com/kubernetes/dynamic-resource-allocation,,repo
昇腾,35,Ray,推理加速,https://github.com/ray-project/ray,,repo
昇腾,36,OpenXLA,推理加速,https://github.com/openxla/xla,,repo
昇腾,37,bitsandbytes,推理加速,https://github.com/bitsandbytes-foundation/bitsandbytes,,repo
昇腾,38,PyTorch社区,AI框架,https://github.com/pytorch,,organization
昇腾,39,TensorFlow,AI框架,https://github.com/tensorflow/tensorflow,,repo
昇腾,40,Triton,算子库和编程,https://github.com/triton-lang/triton,,repo
昇腾,41,Dify,应用加速,https://github.com/langgenius/dify,,repo
昇腾,42,Coze,应用加速,https://github.com/coze-dev/coze-studio,,repo
昇腾,43,MiniOneRec,应用加速,https://github.com/AkaliKong/MiniOneRec,,repo
昇腾,44,MTGR,应用加速,https://github.com/meituan,,organization
昇腾,45,X402,应用加速,https://github.com/x402-foundation/x402,,repo
昇腾,46,AP2,应用加速,https://github.com/google-agentic-commerce/AP2,,repo
昇腾,47,MCP,应用加速,https://github.com/modelcontextprotocol/modelcontextprotocol,,repo
昇腾,48,A2A,应用加速,https://github.com/a2aproject/A2A,,repo
昇腾,49,A2UI,应用加速,https://github.com/google/A2UI,,repo
昇腾,50,ANP,应用加速,https://github.com/agent-network-protocol/AgentNetworkProtocol,,repo
昇腾,51,Magatron,训练加速,https://github.com/NVIDIA/Megatron-LM,,repo
昇腾,52,torchtitan,训练加速,https://github.com/pytorch/torchtitan,,repo
昇腾,53,VeOmni,训练加速,https://github.com/ByteDance-Seed/VeOmni,,repo
昇腾,54,torchtune,训练加速,https://github.com/meta-pytorch/torchtune,,repo
昇腾,55,xtuner,训练加速,https://github.com/InternLM/xtuner,,repo
昇腾,56,ms-swift,训练加速,https://github.com/modelscope/ms-swift,,repo
昇腾,57,Areal,训练加速,https://github.com/inclusionAI/AReaL,,repo
昇腾,58,Slime,训练加速,https://github.com/THUDM/slime,,repo
昇腾,59,ROLL,训练加速,https://github.com/alibaba/ROLL,,repo
昇腾,60,speculators,训练加速,https://github.com/vllm-project/speculators,,repo
昇腾,61,SpecForge,训练加速,https://github.com/sgl-project/SpecForge,,repo
昇腾,62,tensordict,训练加速,https://github.com/pytorch/tensordict,,repo
昇腾,63,torchvision,训练加速,https://github.com/pytorch/vision,,repo
昇腾,64,Liger-Kernel,训练加速,https://github.com/linkedin/Liger-Kernel,,repo
昇腾,65,flash-linear-attention,训练加速,https://github.com/fla-org/flash-linear-attention,,repo
昇腾,66,dgl,训练加速,https://github.com/dmlc/dgl,,repo
昇腾,67,pyg,训练加速,https://github.com/pyg-team/pytorch_geometric,,repo
昇腾,68,megablocks,训练加速,https://github.com/databricks/megablocks,,repo
昇腾,69,inclusionAI,推理加速,https://github.com/inclusionAI,,organization
昇腾,70,Mooncake,推理加速,https://github.com/kvcache-ai/Mooncake,,repo
昇腾,71,cache-dit,推理加速,https://github.com/vipshop/cache-dit,,repo
昇腾,72,LMCache,推理加速,https://github.com/LMCache/LMCache,,repo
昇腾,73,rtp-llm,推理加速,https://github.com/alibaba/rtp-llm,,repo
昇腾,74,xllm,推理加速,https://github.com/jd-opensource/xllm,,repo
昇腾,75,router,推理加速,https://github.com/vllm-project/router,,repo
昇腾,76,Ktransformers,推理加速,https://github.com/kvcache-ai/ktransformers,,repo
昇腾,77,AIGW,推理加速,https://github.com/aigw-project/aigw,,repo
昇腾,78,llm-d,推理加速,https://github.com/llm-d/llm-d,,repo
昇腾,79,AIBrix,推理加速,https://github.com/vllm-project/aibrix,,repo
昇腾,80,GPUStack,推理加速,https://github.com/gpustack/gpustack,,repo
昇腾,81,DiffSynth-Studio,推理加速,https://github.com/modelscope/DiffSynth-Studio,,repo
昇腾,82,FlagScale,推理加速,https://github.com/flagos-ai/FlagScale,,repo
昇腾,83,ColossalAI,推理加速,https://github.com/hpcaitech/ColossalAI,,repo
昇腾,84,Vbench,推理加速,https://github.com/Vchitect/VBench,,repo
昇腾,85,llm-compressor,推理加速,https://github.com/vllm-project/llm-compressor,,repo
昇腾,86,LightX2V,推理加速,https://github.com/ModelTC/LightX2V,,repo
昇腾,87,xDiT,推理加速,https://github.com/xdit-project/xDiT,,repo
昇腾,88,deepseek-ai,推理加速,https://github.com/deepseek-ai,,organization
昇腾,89,QwenLM,推理加速,https://github.com/QwenLM,,organization
昇腾,90,THUDM,推理加速,https://github.com/THUDM,,organization
昇腾,91,TileLang,算子库和编程,https://github.com/tile-ai/tilelang,,repo
鲲鹏,1,Glibc,基础库&加速库,https://sourceware.org/git/glibc.git,,repo
鲲鹏,2,Hyperscan,基础库&加速库,https://github.com/est31/cargo-udeps,,repo
鲲鹏,3,openMPI,基础库&加速库,https://github.com/open-mpi/ompi,,unknown
鲲鹏,4,Zlib,基础库&加速库,https://github.com/madler/zlib,,repo
鲲鹏,5,LZ4,基础库&加速库,https://github.com/lz4/lz4,,repo
鲲鹏,6,zlib-ng,基础库&加速库,https://github.com/zlib-ng/zlib-ng,,repo
鲲鹏,7,edk2,基础库&加速库,https://github.com/tianocore/edk2,,repo
鲲鹏,8,Suricata,基础库&加速库,https://github.com/OISF/suricata,,repo
鲲鹏,9,Snort,基础库&加速库,https://github.com/snort3/snort3,,repo
鲲鹏,10,nDPI,基础库&加速库,https://github.com/ntop/nDPI,,repo
鲲鹏,11,Gzip,基础库&加速库,https://github.com/Distrotech/gzip,,repo
鲲鹏,12,Zstd,基础库&加速库,https://github.com/facebook/zstd,,repo
鲲鹏,13,Snappy,基础库&加速库,https://github.com/google/snappy,,repo
鲲鹏,14,X265,基础库&加速库,https://bitbucket.org/multicoreware/x265,,repo
鲲鹏,15,DPDK,基础库&加速库,https://github.com/DPDK/dpdk,,repo
鲲鹏,16,X264,基础库&加速库,https://code.videolan.org/videolan/x264,,repo
鲲鹏,17,SPDK,基础库&加速库,https://github.com/spdk/spdk,,repo
鲲鹏,18,Bcache,基础库&加速库,https://github.com/g2p/bcache-tools,,repo
鲲鹏,19,OpenBLAS,基础库&加速库,https://github.com/OpenMathLib/OpenBLAS,,repo
鲲鹏,20,lapack,基础库&加速库,https://github.com/Reference-LAPACK/lapack,,repo
鲲鹏,21,Numpy,基础库&加速库,https://github.com/numpy/numpy,,repo
鲲鹏,22,ISA-L,基础库&加速库,https://github.com/intel/isa-l,,repo
鲲鹏,23,EMU,ARM应用支持,https://github.com/treangenlab/emu,,repo
鲲鹏,24,Mesa,ARM应用支持,https://gitlab.freedesktop.org/mesa/mesa,,repo
鲲鹏,25,Binder,ARM应用支持,https://github.com/kupferlauncher/keybinder,,repo
鲲鹏,26,LLVM,ARM应用支持,https://github.com/llvm/llvm-project,,repo
鲲鹏,27,libdrm,ARM应用支持,https://gitlab.freedesktop.org/mesa/drm,,repo
鲲鹏,28,musl,ARM应用支持,https://git.musl-libc.org/cgit/musl,,repo
鲲鹏,29,OpenH264,ARM应用支持,https://github.com/cisco/openh264,,repo
鲲鹏,30,Opus,ARM应用支持,https://github.com/xiph/opus,,repo
鲲鹏,31,cJSON,ARM应用支持,https://github.com/DaveGamble/cJSON,,repo
鲲鹏,32,libyuv-android,ARM应用支持,https://github.com/crow-misia/libyuv-android,,repo
鲲鹏,33,benchmark,ARM应用支持,https://github.com/google/benchmark,,repo
鲲鹏,34,OpenCV,ARM应用支持,https://github.com/opencv/opencv,,repo
鲲鹏,35,Ffmpeg,ARM应用支持,https://git.ffmpeg.org/ffmpeg.git,,repo
鲲鹏,36,libjpeg-turbo,ARM应用支持,https://github.com/libjpeg-turbo/libjpeg-turbo,,repo
鲲鹏,37,Hadoop,大数据,https://github.com/apache/hadoop,,repo
鲲鹏,38,Spark,大数据,https://github.com/apache/spark,,repo
鲲鹏,39,Hive,大数据,https://github.com/apache/hive,,repo
鲲鹏,40,HBase,大数据,https://github.com/apache/hbase,,repo
鲲鹏,41,ElasticSearch,大数据,https://github.com/elastic/elasticsearch,,repo
鲲鹏,42,Flink,大数据,https://github.com/apache/flink,,repo
鲲鹏,43,Kafka,大数据,https://github.com/apache/kafka,,repo
鲲鹏,44,Storm,大数据,https://github.com/apache/storm,,repo
鲲鹏,45,Redis,大数据,https://github.com/redis/redis,,repo
鲲鹏,46,Impala,大数据,https://github.com/apache/impala,,repo
鲲鹏,47,Zookeeper,大数据,https://github.com/apache/zookeeper,,repo
鲲鹏,48,ClickHouse,大数据,https://github.com/ClickHouse/ClickHouse,,repo
鲲鹏,49,Alluxio,大数据,https://github.com/Alluxio/alluxio,,repo
鲲鹏,50,Ranger,大数据,https://github.com/ranger/ranger,,repo
鲲鹏,51,Tez,大数据,https://github.com/apache/tez,,repo
鲲鹏,52,Flume,大数据,https://github.com/apache/logging-flume,,repo
鲲鹏,53,Oozie,大数据,https://github.com/apache/oozie,,repo
鲲鹏,54,Solr,大数据,https://github.com/apache/solr,,repo
鲲鹏,55,Presto,大数据,https://github.com/prestodb/presto,,repo
鲲鹏,56,Kylin,大数据,https://github.com/apache/kylin,,repo
鲲鹏,57,Accumulo,大数据,https://github.com/apache/accumulo,,repo
鲲鹏,58,Avro,大数据,https://github.com/apache/avro,,repo
鲲鹏,59,logstash,大数据,https://github.com/elastic/logstash,,repo
鲲鹏,60,Kibana,大数据,https://github.com/elastic/kibana,,repo
鲲鹏,61,Knox,大数据,https://github.com/Automattic/knox,,repo
鲲鹏,62,Pig,大数据,https://github.com/apache/pig,,repo
鲲鹏,63,Atlas,大数据,https://github.com/apache/atlas,,repo
鲲鹏,64,Livy,大数据,https://github.com/apache/incubator-livy,,repo
鲲鹏,65,Parquet,大数据,https://github.com/apache/parquet-java/,,repo
鲲鹏,66,Mesos,大数据,https://github.com/apache/mesos,,repo
鲲鹏,67,Thrift,大数据,https://github.com/apache/thrift,,repo
鲲鹏,68,Drill,大数据,https://github.com/apache/drill,,repo
鲲鹏,69,Druid,大数据,https://github.com/apache/druid,,repo
鲲鹏,70,Phoenix,大数据,https://github.com/apache/phoenix,,repo
鲲鹏,71,Lucene,大数据,https://github.com/apache/lucene,,repo
鲲鹏,72,TDengine,大数据,https://github.com/taosdata/TDengine,,repo
鲲鹏,73,Arrow,大数据,https://github.com/apache/arrow,,repo
鲲鹏,74,Kudu,大数据,https://github.com/apache/kudu,,repo
鲲鹏,75,Kyuubi,大数据,https://github.com/apache/kyuubi,,repo
鲲鹏,76,Ceph,分布式存储,https://github.com/ceph/ceph,,repo
鲲鹏,77,GlusterFS,分布式存储,https://github.com/gluster/glusterfs,,repo
鲲鹏,78,Lustre,分布式存储,https://git.whamcloud.com/,,unknown
鲲鹏,79,FastDFS,分布式存储,https://github.com/greduan/emacs-theme-gruvbox,,repo
鲲鹏,80,MinIO,分布式存储,https://github.com/minio/minio,,repo
鲲鹏,81,MooseFS,分布式存储,https://github.com/moosefs/moosefs,,repo
鲲鹏,82,LizardFS,分布式存储,https://github.com/lizardfs/lizardfs,,repo
鲲鹏,83,Sheepdog,分布式存储,https://github.com/sheepdog/sheepdog,,repo
鲲鹏,84,DRBD,分布式存储,https://github.com/LINBIT/drbd,,repo
鲲鹏,85,DAOS,分布式存储,https://github.com/daos-stack/daos,,repo
鲲鹏,86,CURVE,分布式存储,https://github.com/opencurve/curve,,repo
鲲鹏,87,SeaweedFS,分布式存储,https://github.com/seaweedfs/seaweedfs,,repo
鲲鹏,88,Docker,虚拟化,https://github.com/nextcloud/docker,,repo
鲲鹏,89,Kubernetes,虚拟化,https://github.com/kubernetes/kubernetes,,repo
鲲鹏,90,libvirt,虚拟化,https://github.com/libvirt/libvirt,,repo
鲲鹏,91,OpenStack,虚拟化,https://opendev.org/openstack/openstack,,repo
鲲鹏,92,KVM,虚拟化,https://git.kernel.org/pub/scm/virt/kvm/kvm.git,,repo
鲲鹏,93,Open vSwitch,虚拟化,https://github.com/openvswitch/ovs,,repo
鲲鹏,94,QEMU,虚拟化,https://gitlab.com/qemu-project/qemu,,repo
鲲鹏,95,Ovirt,虚拟化,https://github.com/oVirt/ovirt-engine,,repo
鲲鹏,96,Stratovirt,虚拟化,https://atomgit.com/openeuler/stratovirt,,repo
鲲鹏,97,Calico,虚拟化,https://github.com/projectcalico/calico,,repo
鲲鹏,98,Flannel,虚拟化,https://github.com/flannel-io/flannel,,repo
鲲鹏,99,CoreDNS,虚拟化,https://github.com/coredns/coredns,,repo
鲲鹏,100,Containerd,虚拟化,https://github.com/containerd/containerd,,repo
鲲鹏,101,Prometheus,虚拟化,https://github.com/prometheus/prometheus,,repo
鲲鹏,102,lstio,虚拟化,https://github.com/istio/istio,,repo
鲲鹏,103,Envoy,虚拟化,https://github.com/envoyproxy/envoy,,repo
鲲鹏,104,iSula,虚拟化,https://atomgit.com/openeuler/iSulad,,repo
鲲鹏,105,harbor,虚拟化,https://github.com/goharbor/harbor,,repo
鲲鹏,106,Apache HTTP Server,Web,https://github.com/apache/httpd,,repo
鲲鹏,107,Tomcat,Web,https://github.com/apache/tomcat,,repo
鲲鹏,108,Varnish,Web,https://github.com/varnishcache/varnish-cache,,repo
鲲鹏,109,JBOSS,Web,https://github.com/wildfly/wildfly,,repo
鲲鹏,110,HAProxy,Web,https://github.com/haproxy/haproxy,,repo
鲲鹏,111,Memcached,Web,https://github.com/memcached/memcached,,repo
鲲鹏,112,Nginx,Web,https://github.com/nginx/nginx,,repo
鲲鹏,113,.NET Core,Web,https://github.com/dotnet/core,,repo
鲲鹏,114,ATS,Web,https://github.com/apache/trafficserver,,repo
鲲鹏,115,Jetty,Web,https://github.com/jetty/jetty.project,,repo
鲲鹏,116,Keepalived,Web,https://github.com/acassen/keepalived,,repo
鲲鹏,117,Spring Cloud,Web,https://github.com/spring-cloud,,organization
鲲鹏,118,Dubbo,Web,https://github.com/apache/dubbo,,repo
鲲鹏,119,Squid,Web,https://github.com/squid-cache/squid,,repo
鲲鹏,120,Glassfish,Web,https://github.com/eclipse-ee4j/glassfish,,repo
鲲鹏,121,Node.js,Web,https://github.com/nodejs/node,,repo
鲲鹏,122,chromium,Web,https://chromium.googlesource.com/chromium,,repo
鲲鹏,123,Django,Web,https://github.com/django/django,,repo
鲲鹏,124,fcgi,Web,https://github.com/FastCGI-Archives/fcgi2,,repo
鲲鹏,125,Mongoose,Web,https://github.com/Automattic/mongoose,,repo
鲲鹏,126,Nagios,Web,https://github.com/NagiosEnterprises/nagioscore,,repo
鲲鹏,127,uWSGI,Web,https://github.com/unbit/uwsgi,,repo
鲲鹏,128,Spring Framework,Web,https://github.com/spring-projects/spring-framework,,repo
鲲鹏,129,Spring Boot,Web,https://github.com/spring-projects/spring-boot,,repo
鲲鹏,130,Tengine,Web,https://github.com/alibaba/tengine,,repo
鲲鹏,131,LVS,Web,https://git.kernel.org/pub/scm/linux/kernel/git/torvalds/linux.git,,unknown
鲲鹏,132,MySQL,数据库,https://github.com/mysql/mysql-server,,repo
鲲鹏,133,MariaDB,数据库,https://github.com/MariaDB/server,,repo
鲲鹏,134,PostgreSQL,数据库,https://git.postgresql.org/git/postgresql.git,,repo
鲲鹏,135,MongoDB,数据库,https://github.com/mongodb/mongo,,repo
鲲鹏,136,RocksDB,数据库,https://github.com/facebook/rocksdb,,repo
鲲鹏,137,TiDB,数据库,https://github.com/pingcap/tidb,,repo
鲲鹏,138,InfluxDB,数据库,https://github.com/influxdata/influxdb,,repo
鲲鹏,139,SQLite,数据库,https://sqlite.org/src,,repo
鲲鹏,140,Cassandra,数据库,https://github.com/apache/cassandra,,repo
鲲鹏,141,etcd,数据库,https://github.com/etcd-io/etcd,,repo
鲲鹏,142,LevelDB,数据库,https://github.com/google/leveldb,,repo
鲲鹏,143,OrientDB,数据库,https://github.com/orientechnologies/orientdb,,repo
鲲鹏,144,Neo4j,数据库,https://github.com/neo4j/neo4j,,repo
鲲鹏,145,gcc,基础库&加速库,https://github.com/gcc-mirror/gcc,,repo
鲲鹏,146,OpenJDK,基础库&加速库,https://github.com/openjdk/jdk,,repo
鲲鹏,147,CMake,基础库&加速库,https://gitlab.kitware.com/cmake/cmake,,repo
鲲鹏,148,Clang,基础库&加速库,https://github.com/llvm/llvm-project,,repo
鲲鹏,149,GDB,基础库&加速库,https://ftp.gnu.org/gnu/gdb/,,repo
鲲鹏,150,Maven,基础库&加速库,https://github.com/apache/maven,,repo
鲲鹏,151,Ant,基础库&加速库,https://github.com/apache/ant,,repo
鲲鹏,152,Scala,基础库&加速库,https://github.com/scala/scala,,repo
鲲鹏,153,Python,基础库&加速库,https://github.com/python,,organization
鲲鹏,154,Golang,基础库&加速库,https://github.com/golang/go,,repo
鲲鹏,155,Lua,基础库&加速库,https://www.lua.org/source/,,repo
鲲鹏,156,Perl,基础库&加速库,https://github.com/Perl/perl5,,repo
鲲鹏,157,Ruby,基础库&加速库,https://github.com/ruby/ruby,,repo
鲲鹏,158,R,基础库&加速库,https://svn.r-project.org/R/,,repo
鲲鹏,159,Gradle,基础库&加速库,https://github.com/gradle/gradle,,repo
鲲鹏,160,Erlang,基础库&加速库,https://github.com/erlang/otp,,repo
鲲鹏,161,Google Test,基础库&加速库,https://github.com/google/googletest,,repo
鲲鹏,162,SKLearn,基础库&加速库,https://github.com/scikit-learn/scikit-learn,,repo
鲲鹏,163,APR-util,基础库&加速库,https://github.com/apache/apr-util,,repo
鲲鹏,164,TypeScript,基础库&加速库,https://github.com/microsoft/TypeScript,,repo
鲲鹏,165,Git,基础库&加速库,https://github.com/git/git,,repo
鲲鹏,166,Jenkins,基础库&加速库,https://github.com/jenkinsci/jenkins,,repo
鲲鹏,167,npm,基础库&加速库,https://github.com/meteorhacks/npm,,repo
鲲鹏,168,catj,基础库&加速库,https://github.com/soheilpro/catj,,repo
鲲鹏,169,bcrypt,基础库&加速库,https://github.com/pyca/bcrypt,,repo
鲲鹏,170,busybox,基础库&加速库,https://github.com/mirror/busybox,,repo
鲲鹏,171,Expat,基础库&加速库,https://github.com/libexpat/libexpat,,repo
鲲鹏,172,FlatBuffers,基础库&加速库,https://github.com/google/flatbuffers,,repo
鲲鹏,173,GMP,基础库&加速库,https://gmplib.org/repo/,,unknown
鲲鹏,174,Hiredis,基础库&加速库,https://github.com/redis/hiredis,,repo
鲲鹏,175,libmpc,基础库&加速库,http://www.multiprecision.org/,,unknown
鲲鹏,176,Libxml2,基础库&加速库,https://gitlab.gnome.org/GNOME/libxml2,,repo
鲲鹏,177,MPFR,基础库&加速库,https://gitlab.inria.fr/mpfr/mpfr,,repo
鲲鹏,178,Next.js,基础库&加速库,https://github.com/vercel/next.js,,repo
鲲鹏,179,pcre,基础库&加速库,https://github.com/PCRE2Project/pcre2,,repo
鲲鹏,180,PHP,基础库&加速库,https://github.com/php/php-src,,repo
鲲鹏,181,React,基础库&加速库,https://github.com/facebook/react,,repo
鲲鹏,182,Rinetd,基础库&加速库,https://github.com/samhocevar/rinetd,,repo
鲲鹏,183,SCons,基础库&加速库,https://github.com/SCons/scons,,repo
鲲鹏,184,Netty,基础库&加速库,https://github.com/netty/netty,,repo
鲲鹏,185,Boost,基础库&加速库,https://github.com/boostorg/boost,,repo
鲲鹏,186,Protobuf,基础库&加速库,https://github.com/protocolbuffers/protobuf,,repo
鲲鹏,187,Libevent,基础库&加速库,https://github.com/libevent/libevent,,repo
鲲鹏,188,Wireshark,基础库&加速库,https://gitlab.com/wireshark/wireshark,,repo
鲲鹏,189,JUnit,基础库&加速库,https://github.com/junit-team/junit-framework,,repo
鲲鹏,190,DHCP,基础库&加速库,https://github.com/insomniacslk/dhcp,,repo
鲲鹏,191,DNSmasq,基础库&加速库,https://github.com/coddec/Classic-Shell,,repo
鲲鹏,192,FastJSON,基础库&加速库,https://github.com/alibaba/fastjson2,,repo
鲲鹏,193,grpc-java,基础库&加速库,https://github.com/grpc/grpc-java,,repo
鲲鹏,194,jemalloc,基础库&加速库,https://github.com/jemalloc/jemalloc,,repo
鲲鹏,195,ActiveMQ,基础库&加速库,https://github.com/apache/activemq,,repo
鲲鹏,196,RabbitMQ,基础库&加速库,https://github.com/rabbitmq/rabbitmq-server,,repo
鲲鹏,197,Ansible,基础库&加速库,https://github.com/ansible/ansible,,repo
鲲鹏,198,APR,基础库&加速库,https://github.com/apache/apr,,repo
鲲鹏,199,Filebeat,基础库&加速库,https://github.com/elastic/beats,,repo
鲲鹏,200,fmt,基础库&加速库,https://github.com/fmtlib/fmt,,repo
鲲鹏,201,Geos,基础库&加速库,https://github.com/libgeos/geos,,repo
鲲鹏,202,libconfig,基础库&加速库,https://github.com/hyperrealm/libconfig,,repo
鲲鹏,203,Memtester,基础库&加速库,https://pyropus.ca./software/memtester/,,unknown
鲲鹏,204,Netdata,基础库&加速库,https://github.com/netdata/netdata,,repo
鲲鹏,205,psutil,基础库&加速库,https://github.com/giampaolo/psutil,,repo
鲲鹏,206,RE2,基础库&加速库,https://github.com/google/re2,,repo
鲲鹏,207,Rsyslog,基础库&加速库,https://github.com/rsyslog/rsyslog,,repo
鲲鹏,208,Shiny,基础库&加速库,https://github.com/efremidze/Shiny,,repo
鲲鹏,209,Swagger UI,基础库&加速库,https://github.com/swagger-api/swagger-ui,,repo
鲲鹏,210,TinyXML,基础库&加速库,https://github.com/leethomason/tinyxml2,,repo
鲲鹏,211,Tornado,基础库&加速库,https://github.com/tornadoweb/tornado,,repo
鲲鹏,212,Vue,基础库&加速库,https://github.com/vuejs/vue,,repo
鲲鹏,213,canal,基础库&加速库,https://github.com/alibaba/canal,,repo
鲲鹏,214,curl,基础库&加速库,https://github.com/curl/curl,,repo
鲲鹏,215,Grafana,基础库&加速库,https://github.com/grafana/grafana,,repo
鲲鹏,216,Guacamole,基础库&加速库,https://github.com/apache/guacamole-server,,repo
鲲鹏,217,log4cpp,基础库&加速库,https://github.com/orocos-toolchain/log4cpp,,repo
鲲鹏,218,LZO,基础库&加速库,http://www.oberhumer.com/opensource/lzo/,,unknown
鲲鹏,219,PaceMaker,基础库&加速库,https://github.com/ClusterLabs/pacemaker,,repo
鲲鹏,220,pigz,基础库&加速库,https://github.com/madler/pigz,,repo
鲲鹏,221,Quartz,基础库&加速库,https://github.com/quartz-scheduler/quartz,,repo
鲲鹏,222,Sphinx,基础库&加速库,https://github.com/sphinx-doc/sphinx,,repo
鲲鹏,223,Telegraf,基础库&加速库,https://github.com/influxdata/telegraf,,repo
鲲鹏,224,Tesseract,基础库&加速库,https://github.com/tesseract-ocr/tesseract,,repo
鲲鹏,225,ZeroMQ,基础库&加速库,https://github.com/zeromq/libzmq,,repo
鲲鹏,226,grpc,基础库&加速库,https://github.com/grpc/grpc,,repo
鲲鹏,227,consul,基础库&加速库,https://github.com/hashicorp/consul,,repo
鲲鹏,228,Kong,基础库&加速库,https://github.com/Kong/kong,,repo
鲲鹏,229,PyTorch,搜广推,https://github.com/pytorch/pytorch,,repo
鲲鹏,230,Tensorflow,搜广推,https://github.com/tensorflow/tensorflow,,repo
鲲鹏,231,PaddlePaddle,搜广推,https://github.com/PaddlePaddle/Paddle,,repo
鲲鹏,232,caffe,搜广推,https://github.com/BVLC/caffe,,repo
鲲鹏,233,horovod,搜广推,https://github.com/horovod/horovod,,repo
鲲鹏,234,Fio,基础库&加速库,https://github.com/axboe/fio,,repo
鲲鹏,235,iperf,基础库&加速库,https://github.com/esnet/iperf,,repo
鲲鹏,236,Netperf,基础库&加速库,https://github.com/HewlettPackard/netperf,,repo
鲲鹏,237,sysbench,基础库&加速库,https://github.com/akopytov/sysbench,,repo
鲲鹏,238,UnixBench,基础库&加速库,https://github.com/kdlucas/byte-unixbench,,repo
鲲鹏,239,WebBench,基础库&加速库,https://github.com/EZLippi/WebBench,,repo
鲲鹏,240,siege,基础库&加速库,https://github.com/JoeDog/siege,,repo
鲲鹏,241,Wrk,基础库&加速库,https://github.com/wg/wrk,,repo
鲲鹏,242,Bioconda,HPC,https://github.com/bioconda/,,organization
鲲鹏,243,Bioconductor,HPC,https://github.com/bioconductor,,organization
鲲鹏,244,BWA,HPC,https://github.com/lh3/bwa,,repo
鲲鹏,245,GATK,HPC,https://github.com/broadinstitute/gatk,,repo
鲲鹏,246,Relion,HPC,https://github.com/3dem/relion,,repo
鲲鹏,247,AlphaFold2,HPC,https://github.com/google-deepmind/alphafold,,repo
鲲鹏,248,HMMER,HPC,https://github.com/EddyRivasLab/hmmer,,repo
鲲鹏,249,OpenHPC,HPC,https://github.com/openhpc/ohpc,,repo
鲲鹏,250,Lammps,HPC,https://github.com/lammps/lammps,,repo
鲲鹏,251,VASP,HPC,https://www.vasp.at/,,unknown
鲲鹏,252,CP2K,HPC,https://github.com/cp2k/cp2k,,repo
鲲鹏,253,QuantumEspresso,HPC,https://gitlab.com/QEF/q-e,,repo
鲲鹏,254,GROMACS,HPC,https://gitlab.com/gromacs/gromacs,,repo
鲲鹏,255,Nwchem,HPC,https://github.com/nwchemgit/nwchem,,repo
鲲鹏,256,Amber tools,HPC,https://ambermd.org/index.php,,unknown
鲲鹏,257,WRF,HPC,https://github.com/wrf-model/WRF,,repo
鲲鹏,258,CESM,HPC,https://github.com/ESCOMP/CESM,,repo
鲲鹏,259,NEMO,HPC,https://github.com/linuxmint/nemo,,repo
鲲鹏,260,WAVEWATCH III,HPC,https://github.com/csdms/bmi-wavewatch3,,repo
鲲鹏,261,LASTZ,HPC,https://github.com/lastz/lastz,,repo
鲲鹏,262,OpenFOAM,HPC,https://openfoam.org/release/,,unknown
鲲鹏,263,eman2,HPC,https://github.com/cryoem/eman2,,repo
鲲鹏,264,genewise,HPC,https://www.ebi.ac.uk/~birney/wise2/,,unknown
鲲鹏,265,FSL,HPC,https://git.fmrib.ox.ac.uk/fsl/fslpy,,repo
鲲鹏,266,OpenLB,HPC,https://www.openlb.net/,,unknown
鲲鹏,267,SimpleITK,HPC,https://github.com/SimpleITK/SimpleITK,,repo
鲲鹏,268,3DSlicer,HPC,https://github.com/Slicer/Slicer,,repo
鲲鹏,269,bismark,HPC,https://github.com/FelixKrueger/Bismark,,repo
鲲鹏,270,Primer3,HPC,https://github.com/primer3-org/primer3,,repo
鲲鹏,271,featureCounts,HPC,https://subread.sourceforge.net/,,repo
鲲鹏,272,nanopack,HPC,https://github.com/wdecoster/nanopack,,repo
鲲鹏,273,GRAPHMAP,HPC,https://github.com/lbcb-sci/graphmap2,,repo
鲲鹏,274,GRIDSS,HPC,https://github.com/PapenfussLab/gridss,,repo
鲲鹏,275,Lumpy,HPC,https://github.com/arq5x/lumpy-sv,,repo
鲲鹏,276,Manta,HPC,https://github.com/hql287/Manta,,repo
鲲鹏,277,RepeatModeler,HPC,https://github.com/Dfam-consortium/RepeatModeler,,repo
鲲鹏,278,rMATs,HPC,https://github.com/Xinglab/rmats-turbo,,repo
鲲鹏,279,trf,HPC,https://github.com/Benson-Genomics-Lab/TRF,,repo
鲲鹏,280,deeptools,HPC,https://github.com/deeptools/deepTools,,repo
鲲鹏,281,pilon,HPC,https://github.com/broadinstitute/pilon,,repo
鲲鹏,282,FigTRee,HPC,https://github.com/rambaut/figtree,,repo
鲲鹏,283,3d-dna,HPC,https://github.com/aidenlab/3d-dna,,repo
鲲鹏,284,ALLHiC,HPC,https://github.com/tanghaibao/allhic,,repo
鲲鹏,285,bamtools,HPC,https://github.com/pezmaster31/bamtools,,repo
鲲鹏,286,BUSCO,HPC,https://gitlab.com/ezlab/busco,,repo
鲲鹏,287,flye,HPC,https://github.com/mikolmogorov/Flye,,repo
鲲鹏,288,Muscle,HPC,https://github.com/rcedgar/muscle,,repo
鲲鹏,289,EIGENSOFT,HPC,https://github.com/DReichLab/EIG,,repo
鲲鹏,290,trimmomatic,HPC,https://github.com/usadellab/Trimmomatic,,repo
鲲鹏,291,Falcon,HPC,https://github.com/falconry/falcon,,repo
鲲鹏,292,AutoDock vina,HPC,https://github.com/ccsb-scripps/AutoDock-Vina,,repo
鲲鹏,293,Tinker,HPC,https://github.com/TinkerTools/tinker,,repo
鲲鹏,294,repeatmasker,HPC,http://www.repeatmasker.org/repeatmasker/repeatmasker-4.1.2-p1.tar.gz,,unknown
鲲鹏,295,sambamba,HPC,https://github.com/biod/sambamba,,repo
鲲鹏,296,Cutadapt,HPC,https://github.com/marcelm/cutadapt,,repo
鲲鹏,297,hyphy,HPC,https://github.com/veg/hyphy,,repo
鲲鹏,298,minimap2,HPC,https://github.com/lh3/minimap2,,repo
鲲鹏,299,mummer,HPC,https://github.com/mummer4/mummer,,repo
鲲鹏,300,salmon,HPC,https://github.com/COMBINE-lab/salmon,,repo
鲲鹏,301,SoftSV,HPC,https://sourceforge.net/projects/softsv/,,repo
鲲鹏,302,smcpp,HPC,https://github.com/popgenmethods/smcpp,,repo
鲲鹏,303,glean,HPC,https://sourceforge.net/projects/glean-gene/,,repo
鲲鹏,304,trimal,HPC,https://github.com/inab/trimal,,repo
鲲鹏,305,mrbayes,HPC,https://github.com/NBISweden/MrBayes,,repo
鲲鹏,306,VaPoR,HPC,https://github.com/connor-lab/vapor,,repo
鲲鹏,307,fastx_toolkit,HPC,https://github.com/agordon/fastx_toolkit,,repo
鲲鹏,308,seqwish,HPC,https://github.com/pangenome/seqwish,,repo
鲲鹏,309,seqkit,HPC,https://github.com/shenwei356/seqkit,,repo
鲲鹏,310,MCscanX,HPC,https://github.com/wyp1125/MCScanX,,repo
鲲鹏,311,bioawk,HPC,https://github.com/lh3/bioawk,,repo
鲲鹏,312,Mrtrix,HPC,https://github.com/MRtrix3/mrtrix3,,repo
鲲鹏,313,psmc,HPC,https://github.com/lh3/psmc,,repo
鲲鹏,314,metaeuk,HPC,https://github.com/soedinglab/metaeuk,,repo
鲲鹏,315,gnuplot,HPC,https://sourceforge.net/p/gnuplot/gnuplot-main/ci/master/tree/,,repo
鲲鹏,316,MNE-python,HPC,https://github.com/mne-tools/mne-python,,repo
鲲鹏,317,centrifuge,HPC,https://github.com/DaehwanKimLab/centrifuge,,repo
鲲鹏,318,ClipKIT,HPC,https://github.com/JLSteenwyk/ClipKIT,,repo
鲲鹏,319,idba,HPC,https://github.com/loneknightpy/idba,,repo
鲲鹏,320,samblaster,HPC,https://github.com/GregoryFaust/samblaster,,repo
鲲鹏,321,SVseq2,HPC,https://sourceforge.net/projects/svseq2/files/svseq2_2/,,repo
鲲鹏,322,BayesTyper,HPC,https://github.com/bioinformatics-centre/BayesTyper,,repo
鲲鹏,323,Graphtyper2,HPC,https://github.com/DecodeGenetics/graphtyper,,repo
鲲鹏,324,TensorRT,HPC,https://github.com/NVIDIA/TensorRT,,repo
鲲鹏,325,jvarkit,HPC,https://github.com/lindenb/jvarkit,,repo
鲲鹏,326,Meraculous,HPC,https://jgi.doe.gov/data-and-tools/meraculous/,,unknown
鲲鹏,327,RepeatScout,HPC,https://github.com/Dfam-consortium/RepeatScout,,repo
鲲鹏,328,MOPAC,HPC,https://github.com/openmopac/mopac,,repo
鲲鹏,329,Yambo,HPC,http://www.yambo-code.org/,,unknown
鲲鹏,330,Cubep3m,HPC,https://github.com/jharno/cubep3m,,repo
鲲鹏,331,SWAN,HPC,https://swanmodel.sourceforge.io/,,repo
鲲鹏,332,dnacopy,HPC,https://bioconductor.org/packages/3.20/bioc/html/DNAcopy.html,,repo
鲲鹏,333,metapod,HPC,https://bioconductor.org/packages/3.20/bioc/html/metapod.html,,repo
鲲鹏,334,geneselectmmd,HPC,https://bioconductor.org/packages/3.20/bioc/html/GeneSelectMMD.html,,repo
鲲鹏,335,maigespack,HPC,https://bioconductor.org/packages/3.17/bioc/html/maigesPack.html,,repo
鲲鹏,336,fastseg,HPC,https://bioconductor.org/packages/3.20/bioc/html/fastseg.html,,repo
鲲鹏,337,batchelor,HPC,https://bioconductor.org/packages/3.20/bioc/html/batchelor.html,,repo
鲲鹏,338,methylkit,HPC,https://bioconductor.org/packages/3.20/bioc/html/methylKit.html,,repo
鲲鹏,339,monocle,HPC,https://bioconductor.org/packages/3.20/bioc/html/monocle.html,,repo
鲲鹏,340,biovizbase,HPC,https://bioconductor.org/packages/3.20/bioc/html/biovizBase.html,,repo
鲲鹏,341,genomation,HPC,https://bioconductor.org/packages/3.20/bioc/html/genomation.html,,repo
鲲鹏,342,kebabs,HPC,https://bioconductor.org/packages/3.20/bioc/html/kebabs.html,,repo
鲲鹏,343,Doris,大数据,https://github.com/apache/doris,,repo
鲲鹏,344,Cubefs,分布式存储,https://github.com/cubefs/cubefs,,repo
鲲鹏,345,fuse,分布式存储,"fuse-go修改部分:https://github.com/cubefs/cubefs/
fuse内核优化部分：https://github.com/torvalds/linux",,repo
鲲鹏,346,Milvus,数据库,https://github.com/milvus-io/milvus,,repo
鲲鹏,347,OceanBase,数据库,https://github.com/oceanbase/oceanbase,,repo
鲲鹏,348,O3DE,虚拟化,https://github.com/o3de/o3de,,repo
鲲鹏,349,Strongswan,虚拟化,https://github.com/strongswan/strongswan,,repo
鲲鹏,350,rdma-core,虚拟化,https://github.com/linux-rdma/rdma-core,,repo
鲲鹏,351,DELFT3D,HPC,https://svn.oss.deltares.nl/repos/delft3d,,repo
鲲鹏,352,NAMD,HPC,https://github.com/nbcrrolls/namd,,repo
鲲鹏,353,Gluten(京东/美团),大数据,https://github.com/apache/gluten,,repo
鲲鹏,354,Iceberg(字节/京东),大数据,https://github.com/apache/iceberg,,repo
鲲鹏,355,Ambari(中移),大数据,https://github.com/apache/ambari,,repo
鲲鹏,356,starrocks(腾讯),大数据,https://github.com/StarRocks/starrocks,,repo
鲲鹏,357,hudi(字节/京东),大数据,https://github.com/apache/hudi,,repo
鲲鹏,358,ORC(京东),大数据,https://github.com/apache/orc,,repo
鲲鹏,359,Bolt(字节),大数据,https://github.com/bytedance/bolt,,repo
鲲鹏,360,daft（字节）,大数据,https://github.com/Eventual-Inc/Daft,,repo
鲲鹏,361,data-juicer（腾讯）,大数据,https://github.com/datajuicer/data-juicer,,repo
鲲鹏,362,pandas（携程）,大数据,https://github.com/pandas-dev/pandas,,repo
鲲鹏,363,Celeborn（阿里）,大数据,https://github.com/apache/celeborn,,repo
鲲鹏,364,Lance（字节）,大数据,https://github.com/lancedb/lancedb,,repo
鲲鹏,365,Ray（蚂蚁）,大数据,https://github.com/ray-project/ray,,repo
鲲鹏,366,auron（快手）,大数据,https://github.com/apache/auron,,repo
鲲鹏,367,3FS(Xsky),分布式存储,https://github.com/deepseek-ai/3FS,,repo
鲲鹏,368,reedsolomon(深信服),分布式存储,https://github.com/klauspost/reedsolomon,,repo
鲲鹏,369,JuiceFS(电信),分布式存储,https://github.com/juicedata/juicefs,,repo
鲲鹏,370,Mooncake(京东),分布式存储,https://github.com/kvcache-ai/Mooncake,,repo
鲲鹏,371,Percona(字节),数据库,https://github.com/percona/percona-server,,repo
鲲鹏,372,openvelinux(字节),虚拟化,https://github.com/openvelinux,,organization
鲲鹏,373,OpenCloudOS(腾讯),虚拟化,https://github.com/OpenCloudOS,,organization
鲲鹏,374,CloudWeGo(字节),虚拟化,https://github.com/cloudwego,,organization
鲲鹏,375,DeathStarBench(字节/腾讯),虚拟化,https://github.com/delimitrou/DeathStarBench,,repo
鲲鹏,376,fluid(字节),虚拟化,https://github.com/fluid-cloudnative/fluid,,repo
鲲鹏,377,kubeflow(字节),虚拟化,https://github.com/kubeflow/kubeflow,,repo
鲲鹏,378,kuberay(字节),虚拟化,https://github.com/ray-project/kuberay,,repo
鲲鹏,379,sriov-network-operato(快手/字节),虚拟化,https://github.com/k8snetworkplumbingwg/sriov-network-operator,,repo
鲲鹏,380,E2B(字节),虚拟化,https://github.com/e2b-dev/E2B,,repo
鲲鹏,381,kata-containers(京东/腾讯),虚拟化,https://github.com/kata-containers/kata-containers,,repo
鲲鹏,382,libavif(京东),ARM原生,https://github.com/AOMediaCodec/libavif,,repo
鲲鹏,383,libwebp(京东),ARM原生,https://chromium.googlesource.com/webm/libwebp,,repo
鲲鹏,384,torchvision(多模态大模型媒体库),ARM原生,https://github.com/pytorch/vision,,repo
鲲鹏,385,Android(联通云),ARM原生,https://github.com/android/,,organization
鲲鹏,386,vvenc(字节),ARM原生,https://github.com/fraunhoferhhi/vvenc,,repo
鲲鹏,387,tensorflow-serving(BOSS),搜广推,https://github.com/tensorflow/serving,,repo
鲲鹏,388,onednn(京东),搜广推,https://github.com/uxlfoundation/oneDNN,,repo
鲲鹏,389,Faiss(美团),搜广推,https://github.com/facebookresearch/faiss,,repo
鲲鹏,390,hnswlib(美团),搜广推,https://github.com/nmslib/hnswlib,,repo
鲲鹏,391,XLA(京东),搜广推,https://github.com/openxla/xla,,repo
鲲鹏,392,ScaNN(美团),搜广推,https://github.com/google-research/google-research/tree/master/scann,,repo
鲲鹏,393,newpfordelta(美团),搜广推,https://github.com/newpfordelta/newpfordelta,是,repo
鲲鹏,394,RabitQ(字节),搜广推,https://github.com/gaoj0017/RaBitQ,,repo
鲲鹏,395,DiskANN(字节),搜广推,https://github.com/microsoft/DiskANN,,repo
鲲鹏,396,monolith(字节),搜广推,https://github.com/bytedance/monolith,,repo
鲲鹏,397,Eigen(京东),搜广推,https://gitlab.com/libeigen/eigen,,repo
鲲鹏,398,TVM(CBG),搜广推,https://github.com/apache/tvm,,repo
鲲鹏,399,onnxruntime(CBG),搜广推,https://github.com/microsoft/onnxruntime,,repo
鲲鹏,400,vLLM(蚂蚁/腾讯),搜广推,https://github.com/vllm-project/vllm,,repo
鲲鹏,401,llama.cpp（电信/移动）,搜广推,https://github.com/ggml-org/llama.cpp,,repo
鲲鹏,402,LangGraph(移动),搜广推,https://github.com/langchain-ai/langgraph,,repo
鲲鹏,403,TensorRT（京东）,搜广推,https://github.com/NVIDIA/TensorRT,,repo
鲲鹏,404,TensorRT-LLM（京东）,搜广推,https://github.com/NVIDIA/TensorRT-LLM,,repo
鲲鹏,405,protobuf(字节),基础库&加速库,https://github.com/protocolbuffers/protobuf,,repo
鲲鹏,406,folly(字节),基础库&加速库,https://github.com/facebook/folly,,repo
鲲鹏,407,sonic-cpp(互联网),基础库&加速库,https://github.com/bytedance/sonic-cpp,,repo
鲲鹏,408,Tongsuo(蚂蚁),基础库&加速库,https://github.com/Tongsuo-Project/Tongsuo,,repo
鲲鹏,409,rapidjson(字节/腾讯),基础库&加速库,https://github.com/Tencent/rapidjson,,repo
鲲鹏,410,simdjson(美团),基础库&加速库,https://github.com/simdjson/simdjson,,repo
鲲鹏,411,openssl(美团),基础库&加速库,https://github.com/openssl/openssl,,repo
鲲鹏,412,fbthrift(字节),基础库&加速库,https://github.com/facebook/fbthrift,,repo
鲲鹏,413,brpc(美团),基础库&加速库,https://github.com/apache/brpc,,repo
鲲鹏,414,taskflow(字节),基础库&加速库,https://github.com/taskflow/taskflow,,repo
鲲鹏,415,simde（美团）,基础库&加速库,https://github.com/simd-everywhere/simde,,repo
鲲鹏,416,rust（字节/腾讯）,基础库&加速库,https://github.com/rust-lang/rust,,repo
鲲鹏,417,specfem3d,HPC,https://github.com/SPECFEM/specfem3d,,repo
鲲鹏,418,DeePMD-kit,HPC,https://github.com/deepmodeling/deepmd-kit,,repo
鲲鹏,419,RHMC,HPC,https://github.com/LatticeQCD/SIMULATeQCD,,repo
鲲鹏,420,deepseek,HPC,https://github.com/deepseek-ai/DeepSeek-LLM,,repo
鲲鹏,421,Rfdiffusion,HPC,https://github.com/RosettaCommons/RFdiffusion,,repo
鲲鹏,422,specfem3d_globe,HPC,https://github.com/SPECFEM/specfem3d_globe,,repo
鲲鹏,423,Quantum Package,HPC,https://github.com/QuantumPackage/qp2,,repo
鲲鹏,424,Abinit,HPC,https://github.com/abinit/abinit,,repo
鲲鹏,425,CPMD,HPC,https://github.com/CPMD-code/CPMD,,repo
鲲鹏,426,PSI,HPC,https://github.com/psi4/psi4,,repo
鲲鹏,427,pwdft,HPC,https://github.com/ebylaska/PWDFT,,repo
鲲鹏,428,ESPResSOmd,HPC,https://github.com/espressomd/espresso,,repo
鲲鹏,429,DL_POLY,HPC,https://github.com/ccp5UK/dl-poly,,repo
鲲鹏,430,miniGhost,HPC,https://github.com/Mantevo/miniGhost,,repo
鲲鹏,431,Hefei-NAMD,HPC,https://github.com/QijingZheng/Hefei-NAMD,,repo
鲲鹏,432,siesta,HPC,https://gitlab.com/siesta-project/siesta,,repo
鲲鹏,433,ProteinMPNN,HPC,https://github.com/dauparas/ProteinMPNN,,repo
鲲鹏,434,Moose Framework,HPC,https://github.com/idaholab/moose,,repo
鲲鹏,435,QMCPACK,HPC,https://github.com/QMCPACK/qmcpack,,repo
鲲鹏,436,Geant4,HPC,https://gitlab.cern.ch/geant4/geant4,,repo
鲲鹏,437,Chroma,HPC,https://github.com/JeffersonLab/chroma,,repo
鲲鹏,438,MILC,HPC,https://github.com/milc-qcd/milc_qcd,,repo
鲲鹏,439,CPS,HPC,https://github.com/RBC-UKQCD/CPS_public,,repo
鲲鹏,440,MEEP,HPC,https://github.com/NanoComp/meep,,repo
鲲鹏,441,Elmer,HPC,https://github.com/ElmerCSC/elmerfem,,repo
鲲鹏,442,Code-Aster,HPC,https://github.com/ralic/Code_Aster,,repo
鲲鹏,443,Deal.II,HPC,https://github.com/dealii/dealii,,repo
鲲鹏,444,FDS,HPC,https://github.com/firemodels/fds,,repo
鲲鹏,445,SU2,HPC,https://github.com/su2code/SU2,,repo
鲲鹏,446,Code-Saturne,HPC,https://github.com/code-saturne/code_saturne,,repo
鲲鹏,447,PALABOS,HPC,https://gitlab.com/unigespc/palabos,,repo
鲲鹏,448,CMAQ,HPC,https://github.com/USEPA/CMAQ,,repo
鲲鹏,449,WPS,HPC,https://github.com/wrf-model/WPS,,repo
鲲鹏,450,WAVEWATCH,HPC,https://github.com/NOAA-EMC/WW3,,repo
鲲鹏,451,ROMS,HPC,https://github.com/myroms/roms,,repo
鲲鹏,452,HYCOM,HPC,https://github.com/HYCOM/HYCOM-src,,repo
鲲鹏,453,Augustus,HPC,https://github.com/Gaius-Augustus/Augustus,,repo
鲲鹏,454,Chaste,HPC,https://github.com/Chaste/Chaste,,repo
鲲鹏,455,CNVnator,HPC,https://github.com/abyzovlab/CNVnator,,repo
鲲鹏,456,SeisSol,HPC,https://github.com/SeisSol/SeisSol,,repo
鲲鹏,457,GEMMA,HPC,https://github.com/genetics-statistics/GEMMA,,repo
鲲鹏,458,kallisto,HPC,https://github.com/pachterlab/kallisto,,repo
鲲鹏,459,ROOT,HPC,https://github.com/root-project/root,,repo
鲲鹏,460,MPB,HPC,https://github.com/NanoComp/mpb,,repo
鲲鹏,461,Foldseek,HPC,https://github.com/steineggerlab/foldseek,,repo
鲲鹏,462,phonopy,HPC,https://github.com/phonopy/phonopy,,repo
鲲鹏,463,megahit,HPC,https://github.com/voutcn/megahit,,repo
鲲鹏,464,bcftools,HPC,https://github.com/samtools/bcftools,,repo
鲲鹏,465,openbabel,HPC,https://github.com/openbabel/openbabel,,repo
鲲鹏,466,Abyss,HPC,https://github.com/BirolLab/abyss,,repo
鲲鹏,467,FVCOM,HPC,https://github.com/FVCOM-GitHub/FVCOM,,repo
鲲鹏,468,Velvet,HPC,https://github.com/dzerbino/velvet,,repo
鲲鹏,469,Tophat2,HPC,https://github.com/DaehwanKimLab/tophat,,repo
鲲鹏,470,NOVOPlasty,HPC,https://github.com/ndierckx/NOVOPlasty,,repo
鲲鹏,471,PyRosetta,HPC,https://github.com/RosettaCommons/rosetta,,repo
鲲鹏,472,scanpy,HPC,https://github.com/scverse/scanpy,,repo
鲲鹏,473,Seurat,HPC,https://github.com/satijalab/seurat,,repo
鲲鹏,474,diamond,HPC,https://github.com/bbuchfink/diamond,,repo
鲲鹏,475,prodigal,HPC,https://github.com/hyattpd/Prodigal,,repo
鲲鹏,476,COPASI,HPC,https://github.com/copasi/COPASI,,repo
鲲鹏,477,OpenMolcas,HPC,https://gitlab.com/Molcas/OpenMolcas,,repo
鲲鹏,478,Cactus,HPC,https://github.com/ComparativeGenomicsToolkit/cactus,,repo
鲲鹏,479,Samtools,HPC,https://github.com/samtools/samtools,,repo
鲲鹏,480,wtdbg2,HPC,https://github.com/ruanjue/wtdbg2,,repo
鲲鹏,481,wannier tools,HPC,https://github.com/quanshengwu/wannier_tools,,repo
鲲鹏,482,Bowtie2,HPC,https://github.com/BenLangmead/bowtie2,,repo
鲲鹏,483,MACS3,HPC,https://github.com/macs3-project/MACS,,repo
鲲鹏,484,HISAT2,HPC,https://github.com/DaehwanKimLab/hisat2,,repo
鲲鹏,485,Canu,HPC,https://github.com/marbl/canu,,repo
鲲鹏,486,interproscan,HPC,https://github.com/ebi-pf-team/interproscan,,repo
鲲鹏,487,RSEM,HPC,https://github.com/deweylab/RSEM,,repo
鲲鹏,488,jellyfish,HPC,https://github.com/gmarcais/Jellyfish,,repo
鲲鹏,489,STAR,HPC,https://github.com/alexdobin/STAR,,repo
鲲鹏,490,fastp,HPC,https://github.com/OpenGene/fastp,,repo
鲲鹏,491,WGCNA,HPC,https://github.com/smorabit/hdWGCNA,,repo
鲲鹏,492,vaspkit,HPC,https://github.com/vaspkit/vaspkit.github.io,,repo
鲲鹏,493,Trinity,HPC,https://github.com/trinityrnaseq/trinityrnaseq,,repo
鲲鹏,494,FASTA,HPC,https://github.com/xapple/fasta,,repo
鲲鹏,495,FastTree,HPC,https://github.com/morgannprice/fasttree,,repo
鲲鹏,496,kraken2,HPC,https://github.com/DerrickWood/kraken2,,repo
鲲鹏,497,Blat,HPC,https://github.com/icebert/pblat-cluster,,repo
鲲鹏,498,AutoDOCK,HPC,https://github.com/ccsb-scripps/AutoDock-Vina,,repo
鲲鹏,499,cd-hit,HPC,https://github.com/weizhongli/cdhit,,repo
鲲鹏,500,kobas,HPC,https://github.com/xmao/kobas,,repo
鲲鹏,501,meryl,HPC,https://github.com/marbl/meryl,,repo
鲲鹏,502,pysam,HPC,https://github.com/pysam-developers/pysam,,repo
鲲鹏,503,phylophlan,HPC,https://github.com/biobakery/phylophlan,,repo
鲲鹏,504,VEP,HPC,https://github.com/Ensembl/ensembl-vep,,repo
鲲鹏,505,prottest,HPC,https://github.com/ddarriba/prottest3,,repo
鲲鹏,506,phono3py,HPC,https://github.com/phonopy/phono3py,,repo
鲲鹏,507,Cufflinks,HPC,https://github.com/cole-trapnell-lab/cufflinks,,repo
鲲鹏,508,bedtools,HPC,https://github.com/arq5x/bedtools2,,repo
鲲鹏,509,kallisto+bustools_python,HPC,https://github.com/pachterlab/kb_python,,repo
鲲鹏,510,circos,HPC,https://github.com/vigsterkr/circos,,repo
鲲鹏,511,SURVIVOR,HPC,https://github.com/fritzsedlazeck/SURVIVOR,,repo
鲲鹏,512,multiqc,HPC,https://github.com/MultiQC/MultiQC,,repo
鲲鹏,513,RDKit,HPC,https://github.com/rdkit/rdkit,,repo
鲲鹏,514,BEAST,HPC,https://github.com/beast-dev/beast-mcmc,,repo
鲲鹏,515,kalign,HPC,https://github.com/TimoLassmann/kalign,,repo
鲲鹏,516,psipred,HPC,https://github.com/psipred/psipred,,repo
鲲鹏,517,HH-suite,HPC,https://github.com/soedinglab/hh-suite,,repo
鲲鹏,518,NCL,HPC,https://github.com/NCAR/ncl,,repo
鲲鹏,519,xla,HPC,https://github.com/openxla/xla,,repo
鲲鹏,520,tvm,HPC,https://github.com/apache/tvm,,repo
鲲鹏,521,Want,基础库&加速库,https://github.com/QEF/want,,repo
鲲鹏,522,AMG,HPC,https://github.com/llnl/AMG,,repo
鲲鹏,523,gulp,基础库&加速库,https://github.com/gulpjs/gulp,,repo
鲲鹏,524,Towhee,基础库&加速库,https://github.com/towhee-io/towhee,,repo
鲲鹏,525,Multiwfn,基础库&加速库,https://github.com/foxtran/MultiWFN,,repo
鲲鹏,526,Jax,HPC,https://github.com/jax-ml/jax,,repo
鲲鹏,527,sundials,基础库&加速库,https://github.com/llnl/sundials,,repo
鲲鹏,528,NCEPLIBS,HPC,https://github.com/NOAA-EMC/NCEPLIBS,,repo
鲲鹏,529,GADGET-2,HPC,https://github.com/gadget-framework/gadget2,,repo
鲲鹏,530,paraFEM,HPC,https://github.com/ParaFEM/ParaFEM,,repo
鲲鹏,531,QDK,基础库&加速库,https://github.com/qnap-dev/QDK,,repo
鲲鹏,532,NCO,HPC,https://github.com/nco/nco,,repo
鲲鹏,533,qgis,基础库&加速库,https://github.com/qgis/QGIS,,repo
鲲鹏,534,eccodes,HPC,https://github.com/ecmwf/eccodes,,repo
鲲鹏,535,ecflow,HPC,https://github.com/ecmwf/ecflow,,repo
鲲鹏,536,Wannier90,基础库&加速库,https://github.com/wannier-developers/wannier90,,repo
鲲鹏,537,udunits,基础库&加速库,https://github.com/Unidata/UDUNITS-2,,repo
鲲鹏,538,wgrib2,HPC,https://github.com/NOAA-EMC/wgrib2,,repo
鲲鹏,539,grads,HPC,https://github.com/j-m-adams/GrADS,,repo
鲲鹏,540,ncview,HPC,https://github.com/iem-projects/ncview,,repo
鲲鹏,541,apptainer,基础库&加速库,https://github.com/apptainer/apptainer,,repo
鲲鹏,542,grib_api,HPC,https://github.com/weathersource/grib_api,,repo
鲲鹏,543,GDAL,基础库&加速库,https://github.com/OSGeo/gdal,,repo
鲲鹏,544,Proj,基础库&加速库,https://github.com/OSGeo/PROJ,,repo
鲲鹏,545,plumed,基础库&加速库,https://github.com/plumed/plumed2,,repo
鲲鹏,546,SCALAPACK,基础库&加速库,https://github.com/Reference-ScaLAPACK/scalapack,,repo
鲲鹏,547,gsl,HPC,https://github.com/ampl/gsl,,repo
鲲鹏,548,FFTW,基础库&加速库,https://github.com/FFTW/fftw3,,repo
鲲鹏,549,picard,HPC,https://github.com/broadinstitute/picard,,repo
鲲鹏,550,Plink,HPC,https://github.com/chrchang/plink-ng,,repo
鲲鹏,551,sniffles,HPC,https://github.com/fritzsedlazeck/Sniffles,,repo
鲲鹏,552,ObsPy,基础库&加速库,https://github.com/obspy/obspy,,repo
鲲鹏,553,Metis,基础库&加速库,https://github.com/KarypisLab/METIS,,repo
鲲鹏,554,Eigen,基础库&加速库,https://gitlab.com/libeigen/eigen,,repo
鲲鹏,555,irvsp,基础库&加速库,https://github.com/zjwang11/IRVSP,,repo
鲲鹏,556,SPACK,基础库&加速库,https://github.com/spack/spack,,repo
鲲鹏,557,brpc,基础库&加速库,https://github.com/apache/brpc,,repo
鲲鹏,558,gperftools,基础库&加速库,https://github.com/gperftools/gperftools,,repo
鲲鹏,559,mpi4py,基础库&加速库,https://github.com/mpi4py/mpi4py,,repo
鲲鹏,560,SWMM,基础库&加速库,https://github.com/USEPA/Stormwater-Management-Model,,repo
鲲鹏,561,PETSc,基础库&加速库,https://gitlab.com/petsc/petsc,,repo
鲲鹏,562,mfem,HPC,https://github.com/mfem/mfem,,repo
鲲鹏,563,kokkos,基础库&加速库,https://github.com/kokkos/kokkos,,repo
鲲鹏,564,triton,基础库&加速库,https://github.com/triton-lang/triton,,repo
鲲鹏,565,slurm,基础库&加速库,https://github.com/SchedMD/slurm,,repo
鲲鹏,566,sglang,HPC,https://github.com/sgl-project/sglang,,repo
鲲鹏,567,vllm,HPC,https://github.com/vllm-project/vllm,,repo
