页签,序号,项目名称,分类,上游地址,entity_type,reason
昇腾,1,transformers,训练加速,https://github.com/huggingface/transformers,repo,脚本分类: github.com/huggingface/transformers
昇腾,2,accelerate,训练加速,https://github.com/huggingface/accelerate,repo,脚本分类: github.com/huggingface/accelerate
昇腾,3,PEFT,训练加速,https://github.com/huggingface/peft,repo,脚本分类: github.com/huggingface/peft
昇腾,4,TRL,训练加速,https://github.com/huggingface/trl,repo,脚本分类: github.com/huggingface/trl
昇腾,5,diffusers,推理加速,https://github.com/huggingface/diffusers,repo,脚本分类: github.com/huggingface/diffusers
昇腾,6,timm,推理加速,https://github.com/huggingface/pytorch-image-models,repo,脚本分类: github.com/huggingface/pytorch-image-models
昇腾,7,TGI,推理加速,https://github.com/huggingface/text-generation-inference,repo,脚本分类: github.com/huggingface/text-generation-inference
昇腾,8,LlamaFactory,训练加速,https://github.com/hiyouga/LLaMA-Factory,repo,脚本分类: github.com/hiyouga/LLaMA-Factory
昇腾,9,FastChat,推理加速,https://github.com/lm-sys/FastChat,repo,脚本分类: github.com/lm-sys/FastChat
昇腾,10,stable-diffusion-webui,推理加速,https://github.com/AUTOMATIC1111/stable-diffusion-webui,repo,脚本分类: github.com/AUTOMATIC1111/stable-diffusion-webui
昇腾,11,lm-eval-harness,推理加速,https://github.com/EleutherAI/lm-evaluation-harness,repo,脚本分类: github.com/EleutherAI/lm-evaluation-harness
昇腾,12,opencompass,推理加速,https://github.com/open-compass/opencompass,repo,脚本分类: github.com/open-compass/opencompass
昇腾,13,axolotl,训练加速,https://github.com/axolotl-ai-cloud/axolotl,repo,脚本分类: github.com/axolotl-ai-cloud/axolotl
昇腾,14,openclip,推理加速,https://github.com/mlfoundations/open_clip,repo,脚本分类: github.com/mlfoundations/open_clip
昇腾,15,InternLM,推理加速,https://github.com/InternLM/InternLM,repo,脚本分类: github.com/InternLM/InternLM
昇腾,16,Ollama,推理加速,https://github.com/ollama/ollama,repo,脚本分类: github.com/ollama/ollama
昇腾,17,OPEA,推理加速,https://github.com/opea-project,organization,脚本分类: github.com/opea-project (org-level URL)
昇腾,18,unsolth,训练加速,https://github.com/unslothai/unsloth,repo,脚本分类: github.com/unslothai/unsloth
昇腾,19,OpenRLHF,训练加速,https://github.com/OpenRLHF/OpenRLHF,repo,脚本分类: github.com/OpenRLHF/OpenRLHF
昇腾,20,veRL,训练加速,https://github.com/volcengine/verl,repo,脚本分类: github.com/volcengine/verl
昇腾,21,ChatLearn,训练加速,https://github.com/alibaba/ChatLearn,repo,脚本分类: github.com/alibaba/ChatLearn
昇腾,22,OpenMMLab,训练加速,https://github.com/open-mmlab,organization,脚本分类: github.com/open-mmlab (org-level URL)
昇腾,23,ModelScope,推理加速,https://github.com/modelscope,organization,脚本分类: github.com/modelscope (org-level URL)
昇腾,24,ComfyUI,推理加速,https://github.com/comfyanonymous/ComfyUI,repo,脚本分类: github.com/comfyanonymous/ComfyUI
昇腾,25,DeepSpeed,训练加速,https://github.com/deepspeedai/DeepSpeed,repo,脚本分类: github.com/deepspeedai/DeepSpeed
昇腾,26,OpenCV,推理加速,https://github.com/opencv/opencv,repo,脚本分类: github.com/opencv/opencv
昇腾,27,ONNXRuntime,推理加速,https://github.com/microsoft/onnxruntime,repo,脚本分类: github.com/microsoft/onnxruntime
昇腾,28,llama.cpp,推理加速,https://github.com/ggml-org/llama.cpp,repo,脚本分类: github.com/ggml-org/llama.cpp
昇腾,29,whisper,推理加速,https://github.com/ggerganov/whisper.cpp,repo,脚本分类: github.com/ggerganov/whisper.cpp
昇腾,30,wenet,推理加速,https://github.com/wenet-e2e/wenet,repo,脚本分类: github.com/wenet-e2e/wenet
昇腾,31,vLLM社区,推理加速,https://github.com/vllm-project,organization,脚本分类: github.com/vllm-project (org-level URL)
昇腾,32,SGLang社区,推理加速,https://github.com/sgl-project,organization,脚本分类: github.com/sgl-project (org-level URL)
昇腾,33,Kserver,推理加速,https://github.com/kserve/kserve,repo,脚本分类: github.com/kserve/kserve
昇腾,34,Kubernetes DRA,推理加速,https://github.com/kubernetes/dynamic-resource-allocation,repo,脚本分类: github.com/kubernetes/dynamic-resource-allocation
昇腾,35,Ray,推理加速,https://github.com/ray-project/ray,repo,脚本分类: github.com/ray-project/ray
昇腾,36,OpenXLA,推理加速,https://github.com/openxla/xla,repo,脚本分类: github.com/openxla/xla
昇腾,37,bitsandbytes,推理加速,https://github.com/bitsandbytes-foundation/bitsandbytes,repo,脚本分类: github.com/bitsandbytes-foundation/bitsandbytes
昇腾,38,PyTorch社区,AI框架,https://github.com/pytorch,organization,脚本分类: github.com/pytorch (org-level URL)
昇腾,39,TensorFlow,AI框架,https://github.com/tensorflow/tensorflow,repo,脚本分类: github.com/tensorflow/tensorflow
昇腾,40,Triton,算子库和编程,https://github.com/triton-lang/triton,repo,脚本分类: github.com/triton-lang/triton
昇腾,41,Dify,应用加速,https://github.com/langgenius/dify,repo,脚本分类: github.com/langgenius/dify
昇腾,42,Coze,应用加速,https://github.com/coze-dev/coze-studio,repo,脚本分类: github.com/coze-dev/coze-studio
昇腾,43,MiniOneRec,应用加速,https://github.com/AkaliKong/MiniOneRec,repo,脚本分类: github.com/AkaliKong/MiniOneRec
昇腾,44,MTGR,应用加速,https://github.com/meituan,organization,"脚本分类: github.com/meituan (org-level URL, 已知归属: 美团)"
昇腾,45,X402,应用加速,https://github.com/coinbase/x402,repo,脚本分类: github.com/coinbase/x402
昇腾,46,AP2,应用加速,https://github.com/google-agentic-commerce/AP2,repo,脚本分类: github.com/google-agentic-commerce/AP2
昇腾,47,MCP,应用加速,https://github.com/modelcontextprotocol/modelcontextprotocol,repo,脚本分类: github.com/modelcontextprotocol/modelcontextprotocol
昇腾,48,A2A,应用加速,https://github.com/a2aproject/A2A,repo,脚本分类: github.com/a2aproject/A2A
昇腾,49,A2UI,应用加速,https://github.com/google/A2UI,repo,脚本分类: github.com/google/A2UI
昇腾,50,ANP,应用加速,https://github.com/agent-network-protocol/AgentNetworkProtocol,repo,脚本分类: github.com/agent-network-protocol/AgentNetworkProtocol
昇腾,51,Magatron,训练加速,https://github.com/NVIDIA/Megatron-LM,repo,脚本分类: github.com/NVIDIA/Megatron-LM
昇腾,52,torchtitan,训练加速,https://github.com/pytorch/torchtitan,repo,脚本分类: github.com/pytorch/torchtitan
昇腾,53,VeOmni,训练加速,https://github.com/ByteDance-Seed/VeOmni,repo,脚本分类: github.com/ByteDance-Seed/VeOmni
昇腾,54,torchtune,训练加速,https://github.com/meta-pytorch/torchtune,repo,脚本分类: github.com/meta-pytorch/torchtune
昇腾,55,xtuner,训练加速,https://github.com/InternLM/xtuner,repo,脚本分类: github.com/InternLM/xtuner
昇腾,56,ms-swift,训练加速,https://github.com/modelscope/ms-swift,repo,脚本分类: github.com/modelscope/ms-swift
昇腾,57,Areal,训练加速,https://github.com/inclusionAI/AReaL,repo,脚本分类: github.com/inclusionAI/AReaL
昇腾,58,Slime,训练加速,https://github.com/THUDM/slime,repo,脚本分类: github.com/THUDM/slime
昇腾,59,ROLL,训练加速,https://github.com/alibaba/ROLL,repo,脚本分类: github.com/alibaba/ROLL
昇腾,60,speculators,训练加速,https://github.com/vllm-project/speculators,repo,脚本分类: github.com/vllm-project/speculators
昇腾,61,SpecForge,训练加速,https://github.com/sgl-project/SpecForge,repo,脚本分类: github.com/sgl-project/SpecForge
昇腾,62,tensordict,训练加速,https://github.com/pytorch/tensordict,repo,脚本分类: github.com/pytorch/tensordict
昇腾,63,torchvision,训练加速,https://github.com/pytorch/vision,repo,脚本分类: github.com/pytorch/vision
昇腾,64,Liger-Kernel,训练加速,https://github.com/linkedin/Liger-Kernel,repo,脚本分类: github.com/linkedin/Liger-Kernel
昇腾,65,flash-linear-attention,训练加速,https://github.com/fla-org/flash-linear-attention,repo,脚本分类: github.com/fla-org/flash-linear-attention
昇腾,66,dgl,训练加速,https://github.com/dmlc/dgl,repo,脚本分类: github.com/dmlc/dgl
昇腾,67,pyg,训练加速,https://github.com/pyg-team/pytorch_geometric,repo,脚本分类: github.com/pyg-team/pytorch_geometric
昇腾,68,megablocks,训练加速,https://github.com/databricks/megablocks,repo,脚本分类: github.com/databricks/megablocks
昇腾,69,inclusionAI,推理加速,https://github.com/inclusionAI,organization,"脚本分类: github.com/inclusionAI (org-level URL, 已知归属: 蚂蚁)"
昇腾,70,Mooncake,推理加速,https://github.com/kvcache-ai/Mooncake,repo,脚本分类: github.com/kvcache-ai/Mooncake
昇腾,71,cache-dit,推理加速,https://github.com/vipshop/cache-dit,repo,脚本分类: github.com/vipshop/cache-dit
昇腾,72,LMCache,推理加速,https://github.com/LMCache/LMCache,repo,脚本分类: github.com/LMCache/LMCache
昇腾,73,rtp-llm,推理加速,https://github.com/alibaba/rtp-llm,repo,脚本分类: github.com/alibaba/rtp-llm
昇腾,74,xllm,推理加速,https://github.com/jd-opensource/xllm,repo,脚本分类: github.com/jd-opensource/xllm
昇腾,75,router,推理加速,https://github.com/vllm-project/router,repo,脚本分类: github.com/vllm-project/router
昇腾,76,Ktransformers,推理加速,https://github.com/kvcache-ai/ktransformers,repo,脚本分类: github.com/kvcache-ai/ktransformers
昇腾,77,AIGW,推理加速,https://github.com/aigw-project/aigw,repo,脚本分类: github.com/aigw-project/aigw
昇腾,78,llm-d,推理加速,https://github.com/llm-d/llm-d,repo,脚本分类: github.com/llm-d/llm-d
昇腾,79,AIBrix,推理加速,https://github.com/vllm-project/aibrix,repo,脚本分类: github.com/vllm-project/aibrix
昇腾,80,GPUStack,推理加速,https://github.com/gpustack/gpustack,repo,脚本分类: github.com/gpustack/gpustack
昇腾,81,DiffSynth-Studio,推理加速,https://github.com/modelscope/DiffSynth-Studio,repo,脚本分类: github.com/modelscope/DiffSynth-Studio
昇腾,82,FlagScale,推理加速,https://github.com/flagos-ai/FlagScale,repo,脚本分类: github.com/flagos-ai/FlagScale
昇腾,83,ColossalAI,推理加速,https://github.com/hpcaitech/ColossalAI,repo,脚本分类: github.com/hpcaitech/ColossalAI
昇腾,84,Vbench,推理加速,https://github.com/Vchitect/VBench,repo,脚本分类: github.com/Vchitect/VBench
昇腾,85,llm-compressor,推理加速,https://github.com/vllm-project/llm-compressor,repo,脚本分类: github.com/vllm-project/llm-compressor
昇腾,86,LightX2V,推理加速,https://github.com/ModelTC/LightX2V,repo,脚本分类: github.com/ModelTC/LightX2V
昇腾,87,xDiT,推理加速,https://github.com/xdit-project/xDiT,repo,脚本分类: github.com/xdit-project/xDiT
昇腾,88,deepseek-ai,推理加速,https://github.com/deepseek-ai,organization,"脚本分类: github.com/deepseek-ai (org-level URL, 已知归属: DeepSeek)"
昇腾,89,QwenLM,推理加速,https://github.com/QwenLM,organization,"脚本分类: github.com/QwenLM (org-level URL, 已知归属: 阿里/通义千问)"
昇腾,90,THUDM,推理加速,https://github.com/THUDM,organization,"脚本分类: github.com/THUDM (org-level URL, 已知归属: 清华大学)"
昇腾,91,TileLang,算子库和编程,https://github.com/tile-ai/tilelang,repo,脚本分类: github.com/tile-ai/tilelang
鲲鹏,1,Glibc,基础库&加速库,https://github.com/bminor/glibc,repo,脚本分类: github.com/bminor/glibc
鲲鹏,2,Hyperscan,基础库&加速库,https://github.com/est31/cargo-udeps,repo,脚本分类: github.com/est31/cargo-udeps
鲲鹏,3,openMPI,基础库&加速库,"https://www.open-mpi.org/
https://openucx.org/",organization,LLM分类: 上游地址包含两个独立项目URL(OpenMPI和OpenUCX)，属于多项目组织
鲲鹏,4,Zlib,基础库&加速库,https://github.com/madler/zlib,repo,脚本分类: github.com/madler/zlib
鲲鹏,5,LZ4,基础库&加速库,https://github.com/lz4/lz4,repo,脚本分类: github.com/lz4/lz4
鲲鹏,6,zlib-ng,基础库&加速库,https://github.com/zlib-ng/zlib-ng,repo,脚本分类: github.com/zlib-ng/zlib-ng
鲲鹏,7,edk2,基础库&加速库,https://github.com/tianocore/edk2,repo,脚本分类: github.com/tianocore/edk2
鲲鹏,8,Suricata,基础库&加速库,https://github.com/OISF/suricata.git,repo,脚本分类: github.com/OISF/suricata.git
鲲鹏,9,Snort,基础库&加速库,https://github.com/snort3/snort3,repo,脚本分类: github.com/snort3/snort3
鲲鹏,10,nDPI,基础库&加速库,https://github.com/ntop/nDPI,repo,脚本分类: github.com/ntop/nDPI
鲲鹏,11,Gzip,基础库&加速库,https://github.com/distrotech/gzip,repo,脚本分类: github.com/distrotech/gzip
鲲鹏,12,Zstd,基础库&加速库,https://github.com/facebook/zstd,repo,脚本分类: github.com/facebook/zstd
鲲鹏,13,Snappy,基础库&加速库,https://github.com/google/snappy,repo,脚本分类: github.com/google/snappy
鲲鹏,14,X265,基础库&加速库,https://github.com/videolan/x265,repo,脚本分类: github.com/videolan/x265
鲲鹏,15,DPDK,基础库&加速库,https://github.com/dpdk/dpdk,repo,脚本分类: github.com/dpdk/dpdk
鲲鹏,16,X264,基础库&加速库,https://code.videolan.org/videolan/x264,repo,脚本分类: code.videolan.org/videolan/x264
鲲鹏,17,SPDK,基础库&加速库,https://github.com/spdk/spdk,repo,脚本分类: github.com/spdk/spdk
鲲鹏,18,Bcache,基础库&加速库,https://github.com/g2p/bcache-tools,repo,脚本分类: github.com/g2p/bcache-tools
鲲鹏,19,OpenBLAS,基础库&加速库,https://github.com/xianyi/openblas,repo,脚本分类: github.com/xianyi/openblas
鲲鹏,20,lapack,基础库&加速库,https://github.com/reference-lapack/lapack,repo,脚本分类: github.com/reference-lapack/lapack
鲲鹏,21,Numpy,基础库&加速库,https://github.com/numpy/numpy,repo,脚本分类: github.com/numpy/numpy
鲲鹏,22,ISA-L,基础库&加速库,https://github.com/intel/isa-l,repo,脚本分类: github.com/intel/isa-l
鲲鹏,23,EMU,ARM应用支持,https://github.com/treangenlab/emu,repo,脚本分类: github.com/treangenlab/emu
鲲鹏,24,Mesa,ARM应用支持,https://github.com/mesa3d/mesa,repo,脚本分类: github.com/mesa3d/mesa
鲲鹏,25,Binder,ARM应用支持,https://github.com/kupferlauncher/keybinder,repo,脚本分类: github.com/kupferlauncher/keybinder
鲲鹏,26,LLVM,ARM应用支持,"https://llvm.org/
https://github.com/llvm/llvm-project",repo,脚本分类: github.com/llvm/llvm-project
鲲鹏,27,libdrm,ARM应用支持,https://gitlab.freedesktop.org/mesa/drm,repo,脚本分类: gitlab.freedesktop.org/mesa/drm
鲲鹏,28,musl,ARM应用支持,https://git.musl-libc.org/cgit/musl,repo,脚本分类: git.musl-libc.org/cgit/musl
鲲鹏,29,OpenH264,ARM应用支持,https://github.com/cisco/openh264,repo,脚本分类: github.com/cisco/openh264
鲲鹏,30,Opus,ARM应用支持,https://github.com/xiph/opus,repo,脚本分类: github.com/xiph/opus
鲲鹏,31,cJSON,ARM应用支持,https://github.com/davegamble/cjson,repo,脚本分类: github.com/davegamble/cjson
鲲鹏,32,libyuv-android,ARM应用支持,https://github.com/crow-misia/libyuv-android,repo,脚本分类: github.com/crow-misia/libyuv-android
鲲鹏,33,benchmark,ARM应用支持,https://github.com/google/benchmark,repo,脚本分类: github.com/google/benchmark
鲲鹏,34,OpenCV,ARM应用支持,https://github.com/opencv/opencv,repo,脚本分类: github.com/opencv/opencv
鲲鹏,35,Ffmpeg,ARM应用支持,https://github.com/ffmpeg/ffmpeg,repo,脚本分类: github.com/ffmpeg/ffmpeg
鲲鹏,36,libjpeg-turbo,ARM应用支持,https://github.com/libjpeg-turbo/libjpeg-turbo,repo,脚本分类: github.com/libjpeg-turbo/libjpeg-turbo
鲲鹏,37,Hadoop,大数据,https://github.com/apache/hadoop,repo,脚本分类: github.com/apache/hadoop
鲲鹏,38,Spark,大数据,https://github.com/apache/spark,repo,脚本分类: github.com/apache/spark
鲲鹏,39,Hive,大数据,https://github.com/apache/hive,repo,脚本分类: github.com/apache/hive
鲲鹏,40,HBase,大数据,https://github.com/apache/hbase,repo,脚本分类: github.com/apache/hbase
鲲鹏,41,ElasticSearch,大数据,https://github.com/elastic/elasticsearch,repo,脚本分类: github.com/elastic/elasticsearch
鲲鹏,42,Flink,大数据,https://github.com/apache/flink,repo,脚本分类: github.com/apache/flink
鲲鹏,43,Kafka,大数据,https://github.com/apache/kafka,repo,脚本分类: github.com/apache/kafka
鲲鹏,44,Storm,大数据,https://github.com/apache/storm,repo,脚本分类: github.com/apache/storm
鲲鹏,45,Redis,大数据,https://github.com/redis/redis,repo,脚本分类: github.com/redis/redis
鲲鹏,46,Impala,大数据,https://github.com/apache/impala,repo,脚本分类: github.com/apache/impala
鲲鹏,47,Zookeeper,大数据,https://github.com/apache/zookeeper,repo,脚本分类: github.com/apache/zookeeper
鲲鹏,48,ClickHouse,大数据,https://github.com/clickhouse/clickhouse,repo,脚本分类: github.com/clickhouse/clickhouse
鲲鹏,49,Alluxio,大数据,https://github.com/alluxio/alluxio,repo,脚本分类: github.com/alluxio/alluxio
鲲鹏,50,Ranger,大数据,https://github.com/ranger/ranger,repo,脚本分类: github.com/ranger/ranger
鲲鹏,51,Tez,大数据,https://github.com/apache/tez,repo,脚本分类: github.com/apache/tez
鲲鹏,52,Flume,大数据,https://github.com/apache/flume,repo,脚本分类: github.com/apache/flume
鲲鹏,53,Oozie,大数据,https://github.com/apache/oozie,repo,脚本分类: github.com/apache/oozie
鲲鹏,54,Solr,大数据,https://github.com/apache/solr,repo,脚本分类: github.com/apache/solr
鲲鹏,55,Presto,大数据,https://github.com/prestodb/presto,repo,脚本分类: github.com/prestodb/presto
鲲鹏,56,Kylin,大数据,https://github.com/apache/kylin,repo,脚本分类: github.com/apache/kylin
鲲鹏,57,Accumulo,大数据,https://github.com/apache/accumulo,repo,脚本分类: github.com/apache/accumulo
鲲鹏,58,Avro,大数据,https://github.com/apache/avro,repo,脚本分类: github.com/apache/avro
鲲鹏,59,logstash,大数据,https://github.com/elastic/logstash,repo,脚本分类: github.com/elastic/logstash
鲲鹏,60,Kibana,大数据,https://github.com/elastic/kibana,repo,脚本分类: github.com/elastic/kibana
鲲鹏,61,Knox,大数据,https://github.com/automattic/knox,repo,脚本分类: github.com/automattic/knox
鲲鹏,62,Pig,大数据,https://github.com/apache/pig,repo,脚本分类: github.com/apache/pig
鲲鹏,63,Atlas,大数据,https://github.com/apache/atlas,repo,脚本分类: github.com/apache/atlas
鲲鹏,64,Livy,大数据,https://github.com/apache/incubator-livy,repo,脚本分类: github.com/apache/incubator-livy
鲲鹏,65,Parquet,大数据,https://github.com/apache/parquet-java/,repo,脚本分类: github.com/apache/parquet-java
鲲鹏,66,Mesos,大数据,https://github.com/apache/mesos,repo,脚本分类: github.com/apache/mesos
鲲鹏,67,Thrift,大数据,https://github.com/apache/thrift,repo,脚本分类: github.com/apache/thrift
鲲鹏,68,Drill,大数据,https://github.com/apache/drill,repo,脚本分类: github.com/apache/drill
鲲鹏,69,Druid,大数据,https://github.com/apache/druid,repo,脚本分类: github.com/apache/druid
鲲鹏,70,Phoenix,大数据,https://github.com/apache/phoenix,repo,脚本分类: github.com/apache/phoenix
鲲鹏,71,Lucene,大数据,https://github.com/apache/lucene,repo,脚本分类: github.com/apache/lucene
鲲鹏,72,TDengine,大数据,https://github.com/taosdata/tdengine,repo,脚本分类: github.com/taosdata/tdengine
鲲鹏,73,Arrow,大数据,https://github.com/apache/arrow,repo,脚本分类: github.com/apache/arrow
鲲鹏,74,Kudu,大数据,https://github.com/apache/kudu,repo,脚本分类: github.com/apache/kudu
鲲鹏,75,Kyuubi,大数据,https://github.com/yaooqinn/kyuubi,repo,脚本分类: github.com/yaooqinn/kyuubi
鲲鹏,76,Ceph,分布式存储,https://github.com/ceph/ceph,repo,脚本分类: github.com/ceph/ceph
鲲鹏,77,GlusterFS,分布式存储,https://github.com/gluster/glusterfs,repo,脚本分类: github.com/gluster/glusterfs
鲲鹏,78,Lustre,分布式存储,https://git.whamcloud.com/,repo,LLM分类: Lustre是单一分布式文件系统项目，git.whamcloud.com托管其源码仓库
鲲鹏,79,FastDFS,分布式存储,https://github.com/greduan/emacs-theme-gruvbox,repo,脚本分类: github.com/greduan/emacs-theme-gruvbox
鲲鹏,80,MinIO,分布式存储,https://github.com/minio/minio,repo,脚本分类: github.com/minio/minio
鲲鹏,81,MooseFS,分布式存储,https://github.com/moosefs/moosefs,repo,脚本分类: github.com/moosefs/moosefs
鲲鹏,82,LizardFS,分布式存储,https://github.com/lizardfs/lizardfs,repo,脚本分类: github.com/lizardfs/lizardfs
鲲鹏,83,Sheepdog,分布式存储,https://github.com/sheepdog/sheepdog,repo,脚本分类: github.com/sheepdog/sheepdog
鲲鹏,84,DRBD,分布式存储,https://github.com/linbit/drbd,repo,脚本分类: github.com/linbit/drbd
鲲鹏,85,DAOS,分布式存储,https://github.com/daos-stack/daos,repo,脚本分类: github.com/daos-stack/daos
鲲鹏,86,CURVE,分布式存储,https://github.com/opencurve/curve,repo,脚本分类: github.com/opencurve/curve
鲲鹏,87,SeaweedFS,分布式存储,https://github.com/chrislusf/seaweedfs,repo,脚本分类: github.com/chrislusf/seaweedfs
鲲鹏,88,Docker,虚拟化,https://github.com/nextcloud/docker,repo,脚本分类: github.com/nextcloud/docker
鲲鹏,89,Kubernetes,虚拟化,https://github.com/kubernetes/kubernetes,repo,脚本分类: github.com/kubernetes/kubernetes
鲲鹏,90,libvirt,虚拟化,https://github.com/libvirt/libvirt,repo,脚本分类: github.com/libvirt/libvirt
鲲鹏,91,OpenStack,虚拟化,https://github.com/openstack/openstack,repo,脚本分类: github.com/openstack/openstack
鲲鹏,92,KVM,虚拟化,https://git.kernel.org/pub/scm/virt/kvm/kvm.git,repo,脚本分类: git.kernel.org/pub/scm
鲲鹏,93,Open vSwitch,虚拟化,https://github.com/openvswitch/ovs,repo,脚本分类: github.com/openvswitch/ovs
鲲鹏,94,QEMU,虚拟化,https://github.com/qemu/qemu,repo,脚本分类: github.com/qemu/qemu
鲲鹏,95,Ovirt,虚拟化,https://github.com/ovirt/ovirt-engine,repo,脚本分类: github.com/ovirt/ovirt-engine
鲲鹏,96,Stratovirt,虚拟化,https://gitee.com/openeuler/stratovirt,repo,脚本分类: gitee.com/openeuler/stratovirt
鲲鹏,97,Calico,虚拟化,https://github.com/projectcalico/calico,repo,脚本分类: github.com/projectcalico/calico
鲲鹏,98,Flannel,虚拟化,https://github.com/coreos/flannel,repo,脚本分类: github.com/coreos/flannel
鲲鹏,99,CoreDNS,虚拟化,https://github.com/coredns/coredns,repo,脚本分类: github.com/coredns/coredns
鲲鹏,100,Containerd,虚拟化,https://github.com/containerd/containerd,repo,脚本分类: github.com/containerd/containerd
鲲鹏,101,Prometheus,虚拟化,https://github.com/prometheus/prometheus,repo,脚本分类: github.com/prometheus/prometheus
鲲鹏,102,lstio,虚拟化,https://github.com/istio/istio,repo,脚本分类: github.com/istio/istio
鲲鹏,103,Envoy,虚拟化,https://github.com/envoyproxy/envoy,repo,脚本分类: github.com/envoyproxy/envoy
鲲鹏,104,iSula,虚拟化,https://gitee.com/openeuler/iSulad,repo,脚本分类: gitee.com/openeuler/iSulad
鲲鹏,105,harbor,虚拟化,https://github.com/goharbor/harbor,repo,脚本分类: github.com/goharbor/harbor
鲲鹏,106,Apache HTTP Server,Web,https://github.com/apache/httpd,repo,脚本分类: github.com/apache/httpd
鲲鹏,107,Tomcat,Web,https://github.com/apache/tomcat,repo,脚本分类: github.com/apache/tomcat
鲲鹏,108,Varnish,Web,https://github.com/varnishcache/varnish-cache,repo,脚本分类: github.com/varnishcache/varnish-cache
鲲鹏,109,JBOSS,Web,https://github.com/wildfly/wildfly,repo,脚本分类: github.com/wildfly/wildfly
鲲鹏,110,HAProxy,Web,https://github.com/haproxy/haproxy,repo,脚本分类: github.com/haproxy/haproxy
鲲鹏,111,Memcached,Web,https://github.com/memcached/memcached,repo,脚本分类: github.com/memcached/memcached
鲲鹏,112,Nginx,Web,https://github.com/nginx/nginx,repo,脚本分类: github.com/nginx/nginx
鲲鹏,113,.NET Core,Web,https://github.com/dotnet/core,repo,脚本分类: github.com/dotnet/core
鲲鹏,114,ATS,Web,https://github.com/apache/trafficserver,repo,脚本分类: github.com/apache/trafficserver
鲲鹏,115,Jetty,Web,https://github.com/eclipse/jetty.project,repo,脚本分类: github.com/eclipse/jetty.project
鲲鹏,116,Keepalived,Web,https://github.com/acassen/keepalived,repo,脚本分类: github.com/acassen/keepalived
鲲鹏,117,Spring Cloud,Web,https://github.com/spring-cloud,organization,脚本分类: github.com/spring-cloud (org-level URL)
鲲鹏,118,Dubbo,Web,https://github.com/apache/dubbo,repo,脚本分类: github.com/apache/dubbo
鲲鹏,119,Squid,Web,https://github.com/squid-cache/squid,repo,脚本分类: github.com/squid-cache/squid
鲲鹏,120,Glassfish,Web,https://github.com/eclipse-ee4j/glassfish,repo,脚本分类: github.com/eclipse-ee4j/glassfish
鲲鹏,121,Node.js,Web,https://github.com/nodejs/node,repo,脚本分类: github.com/nodejs/node
鲲鹏,122,chromium,Web,https://github.com/chromium/chromium,repo,脚本分类: github.com/chromium/chromium
鲲鹏,123,Django,Web,https://github.com/django/django,repo,脚本分类: github.com/django/django
鲲鹏,124,fcgi,Web,https://github.com/fastcgi-archives/fcgi2,repo,脚本分类: github.com/fastcgi-archives/fcgi2
鲲鹏,125,Mongoose,Web,https://github.com/automattic/mongoose,repo,脚本分类: github.com/automattic/mongoose
鲲鹏,126,Nagios,Web,https://github.com/nagiosenterprises/nagioscore,repo,脚本分类: github.com/nagiosenterprises/nagioscore
鲲鹏,127,uWSGI,Web,https://github.com/unbit/uwsgi,repo,脚本分类: github.com/unbit/uwsgi
鲲鹏,128,Spring Framework,Web,https://github.com/spring-projects/spring-framework,repo,脚本分类: github.com/spring-projects/spring-framework
鲲鹏,129,Spring Boot,Web,https://github.com/spring-projects/spring-boot,repo,脚本分类: github.com/spring-projects/spring-boot
鲲鹏,130,Tengine,Web,https://github.com/alibaba/tengine,repo,脚本分类: github.com/alibaba/tengine
鲲鹏,131,LVS,Web,在内核集成,repo,LLM分类: Linux Virtual Server是Linux内核子系统(IPVS)，属于单一代码组件
鲲鹏,132,MySQL,数据库,https://github.com/mysql/mysql-server,repo,脚本分类: github.com/mysql/mysql-server
鲲鹏,133,MariaDB,数据库,https://github.com/mariadb/server,repo,脚本分类: github.com/mariadb/server
鲲鹏,134,PostgreSQL,数据库,https://github.com/postgres/postgres,repo,脚本分类: github.com/postgres/postgres
鲲鹏,135,MongoDB,数据库,https://github.com/mongodb/mongo,repo,脚本分类: github.com/mongodb/mongo
鲲鹏,136,RocksDB,数据库,https://github.com/facebook/rocksdb,repo,脚本分类: github.com/facebook/rocksdb
鲲鹏,137,TiDB,数据库,https://github.com/pingcap/tidb,repo,脚本分类: github.com/pingcap/tidb
鲲鹏,138,InfluxDB,数据库,https://github.com/influxdata/influxdb,repo,脚本分类: github.com/influxdata/influxdb
鲲鹏,139,SQLite,数据库,https://github.com/sqlite/sqlite,repo,脚本分类: github.com/sqlite/sqlite
鲲鹏,140,Cassandra,数据库,https://github.com/apache/cassandra,repo,脚本分类: github.com/apache/cassandra
鲲鹏,141,etcd,数据库,https://github.com/etcd-io/etcd,repo,脚本分类: github.com/etcd-io/etcd
鲲鹏,142,LevelDB,数据库,https://github.com/google/leveldb,repo,脚本分类: github.com/google/leveldb
鲲鹏,143,OrientDB,数据库,https://github.com/orientechnologies/orientdb,repo,脚本分类: github.com/orientechnologies/orientdb
鲲鹏,144,Neo4j,数据库,https://github.com/neo4j/neo4j,repo,脚本分类: github.com/neo4j/neo4j
鲲鹏,145,gcc,基础库&加速库,https://github.com/gcc-mirror/gcc,repo,脚本分类: github.com/gcc-mirror/gcc
鲲鹏,146,OpenJDK,基础库&加速库,https://github.com/openjdk/jdk,repo,脚本分类: github.com/openjdk/jdk
鲲鹏,147,CMake,基础库&加速库,https://github.com/kitware/cmake,repo,脚本分类: github.com/kitware/cmake
鲲鹏,148,Clang,基础库&加速库,https://github.com/llvm/llvm-project,repo,脚本分类: github.com/llvm/llvm-project
鲲鹏,149,GDB,基础库&加速库,https://ftp.gnu.org/gnu/gdb/,repo,脚本分类: GNU project: gdb
鲲鹏,150,Maven,基础库&加速库,https://github.com/apache/maven,repo,脚本分类: github.com/apache/maven
鲲鹏,151,Ant,基础库&加速库,https://github.com/apache/ant,repo,脚本分类: github.com/apache/ant
鲲鹏,152,Scala,基础库&加速库,https://github.com/scala/scala,repo,脚本分类: github.com/scala/scala
鲲鹏,153,Python,基础库&加速库,https://github.com/python,organization,脚本分类: github.com/python (org-level URL)
鲲鹏,154,Golang,基础库&加速库,https://github.com/golang/go,repo,脚本分类: github.com/golang/go
鲲鹏,155,Lua,基础库&加速库,https://github.com/lua/lua,repo,脚本分类: github.com/lua/lua
鲲鹏,156,Perl,基础库&加速库,https://github.com/perl/perl5,repo,脚本分类: github.com/perl/perl5
鲲鹏,157,Ruby,基础库&加速库,https://github.com/ruby/ruby,repo,脚本分类: github.com/ruby/ruby
鲲鹏,158,R,基础库&加速库,https://github.com/wch/r-source,repo,脚本分类: github.com/wch/r-source
鲲鹏,159,Gradle,基础库&加速库,https://github.com/gradle/gradle,repo,脚本分类: github.com/gradle/gradle
鲲鹏,160,Erlang,基础库&加速库,https://github.com/erlang/otp,repo,脚本分类: github.com/erlang/otp
鲲鹏,161,Google Test,基础库&加速库,https://github.com/google/googletest,repo,脚本分类: github.com/google/googletest
鲲鹏,162,SKLearn,基础库&加速库,https://github.com/scikit-learn/scikit-learn,repo,脚本分类: github.com/scikit-learn/scikit-learn
鲲鹏,163,APR-util,基础库&加速库,https://github.com/apache/apr-util,repo,脚本分类: github.com/apache/apr-util
鲲鹏,164,TypeScript,基础库&加速库,https://github.com/microsoft/typescript,repo,脚本分类: github.com/microsoft/typescript
鲲鹏,165,Git,基础库&加速库,https://github.com/git/git,repo,脚本分类: github.com/git/git
鲲鹏,166,Jenkins,基础库&加速库,https://github.com/jenkinsci/jenkins,repo,脚本分类: github.com/jenkinsci/jenkins
鲲鹏,167,npm,基础库&加速库,https://github.com/meteorhacks/npm,repo,脚本分类: github.com/meteorhacks/npm
鲲鹏,168,catj,基础库&加速库,https://github.com/soheilpro/catj,repo,脚本分类: github.com/soheilpro/catj
鲲鹏,169,bcrypt,基础库&加速库,https://github.com/pyca/bcrypt,repo,脚本分类: github.com/pyca/bcrypt
鲲鹏,170,busybox,基础库&加速库,https://github.com/mirror/busybox,repo,脚本分类: github.com/mirror/busybox
鲲鹏,171,Expat,基础库&加速库,https://github.com/libexpat/libexpat,repo,脚本分类: github.com/libexpat/libexpat
鲲鹏,172,FlatBuffers,基础库&加速库,https://github.com/google/flatbuffers,repo,脚本分类: github.com/google/flatbuffers
鲲鹏,173,GMP,基础库&加速库,https://gmplib.org/repo/,repo,LLM分类: GNU Multiple Precision Arithmetic Library，单一数学库项目
鲲鹏,174,Hiredis,基础库&加速库,https://github.com/redis/hiredis,repo,脚本分类: github.com/redis/hiredis
鲲鹏,175,libmpc,基础库&加速库,http://www.multiprecision.org/,repo,LLM分类: GNU MPC是单一任意精度复数运算库
鲲鹏,176,Libxml2,基础库&加速库,https://github.com/gnome/libxml2,repo,脚本分类: github.com/gnome/libxml2
鲲鹏,177,MPFR,基础库&加速库,https://gitlab.inria.fr/mpfr/mpfr,repo,脚本分类: gitlab.inria.fr/mpfr/mpfr
鲲鹏,178,Next.js,基础库&加速库,https://github.com/vercel/next.js,repo,脚本分类: github.com/vercel/next.js
鲲鹏,179,pcre,基础库&加速库,https://github.com/pcre2project/pcre2,repo,脚本分类: github.com/pcre2project/pcre2
鲲鹏,180,PHP,基础库&加速库,https://github.com/php/php-src,repo,脚本分类: github.com/php/php-src
鲲鹏,181,React,基础库&加速库,https://github.com/facebook/react,repo,脚本分类: github.com/facebook/react
鲲鹏,182,Rinetd,基础库&加速库,https://github.com/samhocevar/rinetd,repo,脚本分类: github.com/samhocevar/rinetd
鲲鹏,183,SCons,基础库&加速库,https://github.com/scons/scons,repo,脚本分类: github.com/scons/scons
鲲鹏,184,Netty,基础库&加速库,https://github.com/netty/netty,repo,脚本分类: github.com/netty/netty
鲲鹏,185,Boost,基础库&加速库,https://github.com/boostorg/boost,repo,脚本分类: github.com/boostorg/boost
鲲鹏,186,Protobuf,基础库&加速库,https://github.com/protocolbuffers/protobuf,repo,脚本分类: github.com/protocolbuffers/protobuf
鲲鹏,187,Libevent,基础库&加速库,https://github.com/libevent/libevent,repo,脚本分类: github.com/libevent/libevent
鲲鹏,188,Wireshark,基础库&加速库,https://github.com/wireshark/wireshark,repo,脚本分类: github.com/wireshark/wireshark
鲲鹏,189,JUnit,基础库&加速库,https://github.com/junit-team/junit5,repo,脚本分类: github.com/junit-team/junit5
鲲鹏,190,DHCP,基础库&加速库,https://github.com/insomniacslk/dhcp,repo,脚本分类: github.com/insomniacslk/dhcp
鲲鹏,191,DNSmasq,基础库&加速库,https://github.com/coddec/classic-shell,repo,脚本分类: github.com/coddec/classic-shell
鲲鹏,192,FastJSON,基础库&加速库,https://github.com/alibaba/fastjson2,repo,脚本分类: github.com/alibaba/fastjson2
鲲鹏,193,grpc-java,基础库&加速库,https://github.com/grpc/grpc-java,repo,脚本分类: github.com/grpc/grpc-java
鲲鹏,194,jemalloc,基础库&加速库,https://github.com/jemalloc/jemalloc,repo,脚本分类: github.com/jemalloc/jemalloc
鲲鹏,195,ActiveMQ,基础库&加速库,https://github.com/apache/activemq,repo,脚本分类: github.com/apache/activemq
鲲鹏,196,RabbitMQ,基础库&加速库,https://github.com/rabbitmq/rabbitmq-server,repo,脚本分类: github.com/rabbitmq/rabbitmq-server
鲲鹏,197,Ansible,基础库&加速库,https://github.com/ansible/ansible,repo,脚本分类: github.com/ansible/ansible
鲲鹏,198,APR,基础库&加速库,https://github.com/apache/apr,repo,脚本分类: github.com/apache/apr
鲲鹏,199,Filebeat,基础库&加速库,https://github.com/elastic/beats,repo,脚本分类: github.com/elastic/beats
鲲鹏,200,fmt,基础库&加速库,https://github.com/fmtlib/fmt,repo,脚本分类: github.com/fmtlib/fmt
鲲鹏,201,Geos,基础库&加速库,https://github.com/libgeos/geos,repo,脚本分类: github.com/libgeos/geos
鲲鹏,202,libconfig,基础库&加速库,https://github.com/hyperrealm/libconfig,repo,脚本分类: github.com/hyperrealm/libconfig
鲲鹏,203,Memtester,基础库&加速库,https://pyropus.ca./software/memtester/,repo,LLM分类: 单一内存测试工具软件
鲲鹏,204,Netdata,基础库&加速库,https://github.com/netdata/netdata,repo,脚本分类: github.com/netdata/netdata
鲲鹏,205,psutil,基础库&加速库,https://github.com/giampaolo/psutil,repo,脚本分类: github.com/giampaolo/psutil
鲲鹏,206,RE2,基础库&加速库,https://github.com/google/re2,repo,脚本分类: github.com/google/re2
鲲鹏,207,Rsyslog,基础库&加速库,https://github.com/rsyslog/rsyslog,repo,脚本分类: github.com/rsyslog/rsyslog
鲲鹏,208,Shiny,基础库&加速库,https://github.com/efremidze/shiny,repo,脚本分类: github.com/efremidze/shiny
鲲鹏,209,Swagger UI,基础库&加速库,https://github.com/swagger-api/swagger-ui,repo,脚本分类: github.com/swagger-api/swagger-ui
鲲鹏,210,TinyXML,基础库&加速库,https://github.com/leethomason/tinyxml2,repo,脚本分类: github.com/leethomason/tinyxml2
鲲鹏,211,Tornado,基础库&加速库,https://github.com/tornadoweb/tornado,repo,脚本分类: github.com/tornadoweb/tornado
鲲鹏,212,Vue,基础库&加速库,https://github.com/vuejs/vue,repo,脚本分类: github.com/vuejs/vue
鲲鹏,213,canal,基础库&加速库,https://github.com/alibaba/canal,repo,脚本分类: github.com/alibaba/canal
鲲鹏,214,curl,基础库&加速库,https://github.com/curl/curl,repo,脚本分类: github.com/curl/curl
鲲鹏,215,Grafana,基础库&加速库,https://github.com/grafana/grafana,repo,脚本分类: github.com/grafana/grafana
鲲鹏,216,Guacamole,基础库&加速库,https://github.com/apache/guacamole-server,repo,脚本分类: github.com/apache/guacamole-server
鲲鹏,217,log4cpp,基础库&加速库,https://github.com/orocos-toolchain/log4cpp,repo,脚本分类: github.com/orocos-toolchain/log4cpp
鲲鹏,218,LZO,基础库&加速库,http://www.oberhumer.com/opensource/lzo/,repo,LLM分类: 单一数据压缩库
鲲鹏,219,PaceMaker,基础库&加速库,https://github.com/clusterlabs/pacemaker,repo,脚本分类: github.com/clusterlabs/pacemaker
鲲鹏,220,pigz,基础库&加速库,https://github.com/madler/pigz,repo,脚本分类: github.com/madler/pigz
鲲鹏,221,Quartz,基础库&加速库,https://github.com/quartz-scheduler/quartz,repo,脚本分类: github.com/quartz-scheduler/quartz
鲲鹏,222,Sphinx,基础库&加速库,https://github.com/sphinx-doc/sphinx,repo,脚本分类: github.com/sphinx-doc/sphinx
鲲鹏,223,Telegraf,基础库&加速库,https://github.com/influxdata/telegraf,repo,脚本分类: github.com/influxdata/telegraf
鲲鹏,224,Tesseract,基础库&加速库,https://github.com/tesseract-ocr/tesseract,repo,脚本分类: github.com/tesseract-ocr/tesseract
鲲鹏,225,ZeroMQ,基础库&加速库,https://github.com/zeromq/libzmq,repo,脚本分类: github.com/zeromq/libzmq
鲲鹏,226,grpc,基础库&加速库,https://github.com/grpc/grpc,repo,脚本分类: github.com/grpc/grpc
鲲鹏,227,consul,基础库&加速库,https://github.com/hashicorp/consul,repo,脚本分类: github.com/hashicorp/consul
鲲鹏,228,Kong,基础库&加速库,https://github.com/kong/kong,repo,脚本分类: github.com/kong/kong
鲲鹏,229,PyTorch,搜广推,https://github.com/pytorch/pytorch,repo,脚本分类: github.com/pytorch/pytorch
鲲鹏,230,Tensorflow,搜广推,https://github.com/tensorflow/tensorflow,repo,脚本分类: github.com/tensorflow/tensorflow
鲲鹏,231,PaddlePaddle,搜广推,https://github.com/PaddlePaddle/Paddle,repo,脚本分类: github.com/PaddlePaddle/Paddle
鲲鹏,232,caffe,搜广推,https://github.com/bvlc/caffe,repo,脚本分类: github.com/bvlc/caffe
鲲鹏,233,horovod,搜广推,https://github.com/horovod/horovod,repo,脚本分类: github.com/horovod/horovod
鲲鹏,234,Fio,基础库&加速库,https://github.com/axboe/fio,repo,脚本分类: github.com/axboe/fio
鲲鹏,235,iperf,基础库&加速库,https://github.com/esnet/iperf,repo,脚本分类: github.com/esnet/iperf
鲲鹏,236,Netperf,基础库&加速库,https://github.com/hewlettpackard/netperf,repo,脚本分类: github.com/hewlettpackard/netperf
鲲鹏,237,sysbench,基础库&加速库,https://github.com/akopytov/sysbench,repo,脚本分类: github.com/akopytov/sysbench
鲲鹏,238,UnixBench,基础库&加速库,https://github.com/kdlucas/byte-unixbench,repo,脚本分类: github.com/kdlucas/byte-unixbench
鲲鹏,239,WebBench,基础库&加速库,https://github.com/ezlippi/webbench,repo,脚本分类: github.com/ezlippi/webbench
鲲鹏,240,siege,基础库&加速库,https://github.com/joedog/siege,repo,脚本分类: github.com/joedog/siege
鲲鹏,241,Wrk,基础库&加速库,https://github.com/wg/wrk,repo,脚本分类: github.com/wg/wrk
鲲鹏,242,Bioconda,HPC,https://github.com/bioconda/,organization,脚本分类: github.com/bioconda (org-level URL)
鲲鹏,243,Bioconductor,HPC,https://github.com/bioconductor,organization,脚本分类: github.com/bioconductor (org-level URL)
鲲鹏,244,BWA,HPC,https://github.com/lh3/bwa,repo,脚本分类: github.com/lh3/bwa
鲲鹏,245,GATK,HPC,https://github.com/broadinstitute/gatk,repo,脚本分类: github.com/broadinstitute/gatk
鲲鹏,246,Relion,HPC,https://github.com/3dem/relion,repo,脚本分类: github.com/3dem/relion
鲲鹏,247,AlphaFold2,HPC,https://github.com/google-deepmind/alphafold,repo,脚本分类: github.com/google-deepmind/alphafold
鲲鹏,248,HMMER,HPC,https://github.com/eddyrivaslab/hmmer,repo,脚本分类: github.com/eddyrivaslab/hmmer
鲲鹏,249,OpenHPC,HPC,https://github.com/openhpc/ohpc,repo,脚本分类: github.com/openhpc/ohpc
鲲鹏,250,Lammps,HPC,https://github.com/lammps/lammps,repo,脚本分类: github.com/lammps/lammps
鲲鹏,251,VASP,HPC,https://www.vasp.at/,repo,LLM分类: Vienna Ab initio Simulation Package，单一量子力学计算软件包
鲲鹏,252,CP2K,HPC,https://github.com/cp2k/cp2k,repo,脚本分类: github.com/cp2k/cp2k
鲲鹏,253,QuantumEspresso,HPC,https://github.com/qef/q-e,repo,脚本分类: github.com/qef/q-e
鲲鹏,254,GROMACS,HPC,https://github.com/gromacs/gromacs,repo,脚本分类: github.com/gromacs/gromacs
鲲鹏,255,Nwchem,HPC,https://github.com/nwchemgit/nwchem,repo,脚本分类: github.com/nwchemgit/nwchem
鲲鹏,256,Amber tools,HPC,https://ambermd.org/index.php,repo,LLM分类: AmberTools是单一分子动力学模拟工具包
鲲鹏,257,WRF,HPC,https://github.com/wrf-model/wrf,repo,脚本分类: github.com/wrf-model/wrf
鲲鹏,258,CESM,HPC,https://github.com/escomp/cesm,repo,脚本分类: github.com/escomp/cesm
鲲鹏,259,NEMO,HPC,https://github.com/linuxmint/nemo,repo,脚本分类: github.com/linuxmint/nemo
鲲鹏,260,WAVEWATCH III,HPC,https://github.com/csdms/bmi-wavewatch3,repo,脚本分类: github.com/csdms/bmi-wavewatch3
鲲鹏,261,LASTZ,HPC,https://github.com/lastz/lastz,repo,脚本分类: github.com/lastz/lastz
鲲鹏,262,OpenFOAM,HPC,https://openfoam.org/release/,repo,LLM分类: 单一计算流体力学(CFD)开源软件
鲲鹏,263,eman2,HPC,https://github.com/cryoem/eman2,repo,脚本分类: github.com/cryoem/eman2
鲲鹏,264,genewise,HPC,https://www.ebi.ac.uk/~birney/wise2/,repo,LLM分类: EBI开发的单一基因预测生物信息学工具
鲲鹏,265,FSL,HPC,https://git.fmrib.ox.ac.uk/fsl/fslpy,repo,脚本分类: git.fmrib.ox.ac.uk/fsl/fslpy
鲲鹏,266,OpenLB,HPC,https://www.openlb.net/,repo,LLM分类: 单一开源格子玻尔兹曼方法库
鲲鹏,267,SimpleITK,HPC,https://github.com/simpleitk/simpleitk,repo,脚本分类: github.com/simpleitk/simpleitk
鲲鹏,268,3DSlicer,HPC,https://github.com/slicer/slicer,repo,脚本分类: github.com/slicer/slicer
鲲鹏,269,bismark,HPC,https://github.com/felixkrueger/bismark,repo,脚本分类: github.com/felixkrueger/bismark
鲲鹏,270,Primer3,HPC,https://github.com/primer3-org/primer3,repo,脚本分类: github.com/primer3-org/primer3
鲲鹏,271,featureCounts,HPC,https://subread.sourceforge.net/,repo,脚本分类: subread.sourceforge (project site)
鲲鹏,272,nanopack,HPC,https://github.com/wdecoster/nanopack,repo,脚本分类: github.com/wdecoster/nanopack
鲲鹏,273,GRAPHMAP,HPC,https://github.com/lbcb-sci/graphmap2,repo,脚本分类: github.com/lbcb-sci/graphmap2
鲲鹏,274,GRIDSS,HPC,https://github.com/papenfusslab/gridss,repo,脚本分类: github.com/papenfusslab/gridss
鲲鹏,275,Lumpy,HPC,https://github.com/arq5x/lumpy-sv,repo,脚本分类: github.com/arq5x/lumpy-sv
鲲鹏,276,Manta,HPC,https://github.com/hql287/manta,repo,脚本分类: github.com/hql287/manta
鲲鹏,277,RepeatModeler,HPC,https://github.com/dfam-consortium/repeatmodeler,repo,脚本分类: github.com/dfam-consortium/repeatmodeler
鲲鹏,278,rMATs,HPC,https://github.com/xinglab/rmats-turbo,repo,脚本分类: github.com/xinglab/rmats-turbo
鲲鹏,279,trf,HPC,https://github.com/benson-genomics-lab/trf,repo,脚本分类: github.com/benson-genomics-lab/trf
鲲鹏,280,deeptools,HPC,https://github.com/deeptools/deeptools,repo,脚本分类: github.com/deeptools/deeptools
鲲鹏,281,pilon,HPC,https://github.com/broadinstitute/pilon,repo,脚本分类: github.com/broadinstitute/pilon
鲲鹏,282,FigTRee,HPC,https://github.com/rambaut/figtree,repo,脚本分类: github.com/rambaut/figtree
鲲鹏,283,3d-dna,HPC,https://github.com/aidenlab/3d-dna,repo,脚本分类: github.com/aidenlab/3d-dna
鲲鹏,284,ALLHiC,HPC,https://github.com/tanghaibao/allhic,repo,脚本分类: github.com/tanghaibao/allhic
鲲鹏,285,bamtools,HPC,https://github.com/pezmaster31/bamtools,repo,脚本分类: github.com/pezmaster31/bamtools
鲲鹏,286,BUSCO,HPC,https://gitlab.com/ezlab/busco,repo,脚本分类: gitlab.com/ezlab/busco
鲲鹏,287,flye,HPC,https://github.com/fenderglass/flye,repo,脚本分类: github.com/fenderglass/flye
鲲鹏,288,Muscle,HPC,https://github.com/rcedgar/muscle,repo,脚本分类: github.com/rcedgar/muscle
鲲鹏,289,EIGENSOFT,HPC,https://github.com/dreichlab/eig,repo,脚本分类: github.com/dreichlab/eig
鲲鹏,290,trimmomatic,HPC,https://github.com/usadellab/trimmomatic,repo,脚本分类: github.com/usadellab/trimmomatic
鲲鹏,291,Falcon,HPC,https://github.com/falconry/falcon,repo,脚本分类: github.com/falconry/falcon
鲲鹏,292,AutoDock vina,HPC,https://github.com/ccsb-scripps/autodock-vina,repo,脚本分类: github.com/ccsb-scripps/autodock-vina
鲲鹏,293,Tinker,HPC,https://github.com/tinkertools/tinker,repo,脚本分类: github.com/tinkertools/tinker
鲲鹏,294,repeatmasker,HPC,http://www.repeatmasker.org/repeatmasker/repeatmasker-4.1.2-p1.tar.gz,repo,LLM分类: 单一基因组重复序列屏蔽工具，URL指向tarball下载
鲲鹏,295,sambamba,HPC,https://github.com/biod/sambamba,repo,脚本分类: github.com/biod/sambamba
鲲鹏,296,Cutadapt,HPC,https://github.com/marcelm/cutadapt,repo,脚本分类: github.com/marcelm/cutadapt
鲲鹏,297,hyphy,HPC,https://github.com/veg/hyphy,repo,脚本分类: github.com/veg/hyphy
鲲鹏,298,minimap2,HPC,https://github.com/lh3/minimap2,repo,脚本分类: github.com/lh3/minimap2
鲲鹏,299,mummer,HPC,https://github.com/mummer4/mummer,repo,脚本分类: github.com/mummer4/mummer
鲲鹏,300,salmon,HPC,https://github.com/combine-lab/salmon,repo,脚本分类: github.com/combine-lab/salmon
鲲鹏,301,SoftSV,HPC,https://sourceforge.net/projects/softsv/,repo,脚本分类: sourceforge.net/projects/softsv
鲲鹏,302,smcpp,HPC,https://github.com/popgenmethods/smcpp,repo,脚本分类: github.com/popgenmethods/smcpp
鲲鹏,303,glean,HPC,https://sourceforge.net/projects/glean-gene/,repo,脚本分类: sourceforge.net/projects/glean-gene
鲲鹏,304,trimal,HPC,https://github.com/inab/trimal,repo,脚本分类: github.com/inab/trimal
鲲鹏,305,mrbayes,HPC,https://github.com/nbisweden/mrbayes,repo,脚本分类: github.com/nbisweden/mrbayes
鲲鹏,306,VaPoR,HPC,https://github.com/connor-lab/vapor,repo,脚本分类: github.com/connor-lab/vapor
鲲鹏,307,fastx_toolkit,HPC,https://github.com/agordon/fastx_toolkit,repo,脚本分类: github.com/agordon/fastx_toolkit
鲲鹏,308,seqwish,HPC,https://github.com/ekg/seqwish,repo,脚本分类: github.com/ekg/seqwish
鲲鹏,309,seqkit,HPC,https://github.com/shenwei356/seqkit,repo,脚本分类: github.com/shenwei356/seqkit
鲲鹏,310,MCscanX,HPC,https://github.com/wyp1125/mcscanx,repo,脚本分类: github.com/wyp1125/mcscanx
鲲鹏,311,bioawk,HPC,https://github.com/lh3/bioawk,repo,脚本分类: github.com/lh3/bioawk
鲲鹏,312,Mrtrix,HPC,https://github.com/MRtrix3/mrtrix3,repo,脚本分类: github.com/MRtrix3/mrtrix3
鲲鹏,313,psmc,HPC,https://github.com/lh3/psmc,repo,脚本分类: github.com/lh3/psmc
鲲鹏,314,metaeuk,HPC,https://github.com/soedinglab/metaeuk,repo,脚本分类: github.com/soedinglab/metaeuk
鲲鹏,315,gnuplot,HPC,https://sourceforge.net/p/gnuplot/gnuplot-main/ci/master/tree/,repo,脚本分类: sourceforge.net/p/gnuplot
鲲鹏,316,MNE-python,HPC,https://github.com/mne-tools/mne-python,repo,脚本分类: github.com/mne-tools/mne-python
鲲鹏,317,centrifuge,HPC,https://github.com/DaehwanKimLab/centrifuge,repo,脚本分类: github.com/DaehwanKimLab/centrifuge
鲲鹏,318,ClipKIT,HPC,https://github.com/jlsteenwyk/clipkit,repo,脚本分类: github.com/jlsteenwyk/clipkit
鲲鹏,319,idba,HPC,https://github.com/loneknightpy/idba,repo,脚本分类: github.com/loneknightpy/idba
鲲鹏,320,samblaster,HPC,https://github.com/gregoryfaust/samblaster,repo,脚本分类: github.com/gregoryfaust/samblaster
鲲鹏,321,SVseq2,HPC,https://sourceforge.net/projects/svseq2/files/svseq2_2/,repo,脚本分类: sourceforge.net/projects/svseq2
鲲鹏,322,BayesTyper,HPC,https://github.com/bioinformatics-centre/bayestyper,repo,脚本分类: github.com/bioinformatics-centre/bayestyper
鲲鹏,323,Graphtyper2,HPC,https://github.com/decodegenetics/graphtyper,repo,脚本分类: github.com/decodegenetics/graphtyper
鲲鹏,324,TensorRT,HPC,https://github.com/nvidia/tensorrt,repo,脚本分类: github.com/nvidia/tensorrt
鲲鹏,325,jvarkit,HPC,https://github.com/lindenb/jvarkit,repo,脚本分类: github.com/lindenb/jvarkit
鲲鹏,326,Meraculous,HPC,https://jgi.doe.gov/data-and-tools/meraculous/,repo,LLM分类: JGI开发的单一基因组组装器
鲲鹏,327,RepeatScout,HPC,https://github.com/dfam-consortium/repeatscout,repo,脚本分类: github.com/dfam-consortium/repeatscout
鲲鹏,328,MOPAC,HPC,https://github.com/openmopac/mopac,repo,脚本分类: github.com/openmopac/mopac
鲲鹏,329,Yambo,HPC,http://www.yambo-code.org/,repo,LLM分类: 单一电子结构计算软件(yambo-code.org)
鲲鹏,330,Cubep3m,HPC,https://github.com/jharno/cubep3m,repo,脚本分类: github.com/jharno/cubep3m
鲲鹏,331,SWAN,HPC,https://swanmodel.sourceforge.io/,repo,脚本分类: swanmodel.sourceforge (project site)
鲲鹏,332,dnacopy,HPC,https://bioconductor.org/packages/3.20/bioc/html/DNAcopy.html,repo,脚本分类: bioconductor.org package: DNAcopy
鲲鹏,333,metapod,HPC,https://bioconductor.org/packages/3.20/bioc/html/metapod.html,repo,脚本分类: bioconductor.org package: metapod
鲲鹏,334,geneselectmmd,HPC,https://bioconductor.org/packages/3.20/bioc/html/GeneSelectMMD.html,repo,脚本分类: bioconductor.org package: GeneSelectMMD
鲲鹏,335,maigespack,HPC,https://bioconductor.org/packages/3.17/bioc/html/maigesPack.html,repo,脚本分类: bioconductor.org package: maigesPack
鲲鹏,336,fastseg,HPC,https://bioconductor.org/packages/3.20/bioc/html/fastseg.html,repo,脚本分类: bioconductor.org package: fastseg
鲲鹏,337,batchelor,HPC,https://bioconductor.org/packages/3.20/bioc/html/batchelor.html,repo,脚本分类: bioconductor.org package: batchelor
鲲鹏,338,methylkit,HPC,https://bioconductor.org/packages/3.20/bioc/html/methylKit.html,repo,脚本分类: bioconductor.org package: methylKit
鲲鹏,339,monocle,HPC,https://bioconductor.org/packages/3.20/bioc/html/monocle.html,repo,脚本分类: bioconductor.org package: monocle
鲲鹏,340,biovizbase,HPC,https://bioconductor.org/packages/3.20/bioc/html/biovizBase.html,repo,脚本分类: bioconductor.org package: biovizBase
鲲鹏,341,genomation,HPC,https://bioconductor.org/packages/3.20/bioc/html/genomation.html,repo,脚本分类: bioconductor.org package: genomation
鲲鹏,342,kebabs,HPC,https://bioconductor.org/packages/3.20/bioc/html/kebabs.html,repo,脚本分类: bioconductor.org package: kebabs
鲲鹏,343,Doris,大数据,https://github.com/apache/doris,repo,脚本分类: github.com/apache/doris
鲲鹏,344,Cubefs,分布式存储,https://github.com/cubefs/cubefs,repo,脚本分类: github.com/cubefs/cubefs
鲲鹏,345,fuse,分布式存储,"fuse-go修改部分:https://github.com/cubefs/cubefs/
fuse内核优化部分：https://github.com/torvalds/linux",repo,脚本分类: github.com/cubefs/cubefs
鲲鹏,346,Milvus,数据库,https://github.com/milvus-io/milvus,repo,脚本分类: github.com/milvus-io/milvus
鲲鹏,347,OceanBase,数据库,https://github.com/oceanbase/oceanbase,repo,脚本分类: github.com/oceanbase/oceanbase
鲲鹏,348,O3DE,虚拟化,https://github.com/o3de/o3de,repo,脚本分类: github.com/o3de/o3de
鲲鹏,349,Strongswan,虚拟化,https://github.com/strongswan/strongswan,repo,脚本分类: github.com/strongswan/strongswan
鲲鹏,350,rdma-core,虚拟化,https://github.com/linux-rdma/rdma-core,repo,脚本分类: github.com/linux-rdma/rdma-core
鲲鹏,351,DELFT3D,HPC,https://svn.oss.deltares.nl/repos/delft3d,repo,脚本分类: svn.oss.deltares.nl/repos/delft3d
鲲鹏,352,NAMD,HPC,https://github.com/nbcrrolls/namd,repo,脚本分类: github.com/nbcrrolls/namd
鲲鹏,353,Gluten(京东/美团),大数据,https://github.com/apache/gluten,repo,脚本分类: github.com/apache/gluten
鲲鹏,354,Iceberg(字节/京东),大数据,https://github.com/apache/iceberg,repo,脚本分类: github.com/apache/iceberg
鲲鹏,355,Ambari(中移),大数据,https://github.com/apache/ambari,repo,脚本分类: github.com/apache/ambari
鲲鹏,356,starrocks(腾讯),大数据,https://github.com/starrocks/starrocks,repo,脚本分类: github.com/starrocks/starrocks
鲲鹏,357,hudi(字节/京东),大数据,https://github.com/apache/hudi,repo,脚本分类: github.com/apache/hudi
鲲鹏,358,ORC(京东),大数据,https://github.com/apache/orc,repo,脚本分类: github.com/apache/orc
鲲鹏,359,Bolt(字节),大数据,https://github.com/bytedance/bolt,repo,脚本分类: github.com/bytedance/bolt
鲲鹏,360,daft（字节）,大数据,https://github.com/Eventual-Inc/daft,repo,脚本分类: github.com/Eventual-Inc/daft
鲲鹏,361,data-juicer（腾讯）,大数据,https://github.com/datajuicer/data-juicer,repo,脚本分类: github.com/datajuicer/data-juicer
鲲鹏,362,pandas（携程）,大数据,https://github.com/pandas-dev/pandas,repo,脚本分类: github.com/pandas-dev/pandas
鲲鹏,363,Celeborn（阿里）,大数据,https://github.com/apache/celeborn,repo,脚本分类: github.com/apache/celeborn
鲲鹏,364,Lance（字节）,大数据,https://github.com/lancedb/lancedb,repo,脚本分类: github.com/lancedb/lancedb
鲲鹏,365,Ray（蚂蚁）,大数据,https://github.com/ray-project/ray,repo,脚本分类: github.com/ray-project/ray
鲲鹏,366,auron（快手）,大数据,https://github.com/apache/auron,repo,脚本分类: github.com/apache/auron
鲲鹏,367,3FS(Xsky),分布式存储,https://github.com/3fs/3fs,repo,脚本分类: github.com/3fs/3fs
鲲鹏,368,reedsolomon(深信服),分布式存储,https://github.com/klauspost/reedsolomon,repo,脚本分类: github.com/klauspost/reedsolomon
鲲鹏,369,JuiceFS(电信),分布式存储,https://github.com/juicefs/juicefs,repo,脚本分类: github.com/juicefs/juicefs
鲲鹏,370,Mooncake(京东),分布式存储,https://github.com/mooncake-ai/mooncake,repo,脚本分类: github.com/mooncake-ai/mooncake
鲲鹏,371,Percona(字节),数据库,https://github.com/percona/percona-server,repo,脚本分类: github.com/percona/percona-server
鲲鹏,372,openvelinux(字节),虚拟化,https://github.com/openvelinux/openvelinux,repo,脚本分类: github.com/openvelinux/openvelinux
鲲鹏,373,OpenCloudOS(腾讯),虚拟化,https://github.com/OpenCloudOS/OpenCloudOS,repo,脚本分类: github.com/OpenCloudOS/OpenCloudOS
鲲鹏,374,CloudWeGo(字节),虚拟化,https://github.com/cloudwego/cloudwego,repo,脚本分类: github.com/cloudwego/cloudwego
鲲鹏,375,DeathStarBench(字节/腾讯),虚拟化,https://github.com/delimitrou/DeathStarBench,repo,脚本分类: github.com/delimitrou/DeathStarBench
鲲鹏,376,fluid(字节),虚拟化,https://github.com/fluid-cloudnative/fluid,repo,脚本分类: github.com/fluid-cloudnative/fluid
鲲鹏,377,kubeflow(字节),虚拟化,https://github.com/kubeflow/kubeflow,repo,脚本分类: github.com/kubeflow/kubeflow
鲲鹏,378,kuberay(字节),虚拟化,https://github.com/ray-project/kuberay,repo,脚本分类: github.com/ray-project/kuberay
鲲鹏,379,sriov-network-operato(快手/字节),虚拟化,https://github.com/k8snetworkplumbingwg/sriov-network-operator,repo,脚本分类: github.com/k8snetworkplumbingwg/sriov-network-operator
鲲鹏,380,E2B(字节),虚拟化,https://github.com/e2b-dev/e2b,repo,脚本分类: github.com/e2b-dev/e2b
鲲鹏,381,kata-containers(京东/腾讯),虚拟化,https://github.com/kata-containers/kata-containers,repo,脚本分类: github.com/kata-containers/kata-containers
鲲鹏,382,libavif(京东),ARM原生,https://github.com/AOMediaCodec/libavif,repo,脚本分类: github.com/AOMediaCodec/libavif
鲲鹏,383,libwebp(京东),ARM原生,https://github.com/webmproject/libwebp,repo,脚本分类: github.com/webmproject/libwebp
鲲鹏,384,torchvision(多模态大模型媒体库),ARM原生,https://github.com/pytorch/vision,repo,脚本分类: github.com/pytorch/vision
鲲鹏,385,Android(联通云),ARM原生,https://github.com/android/,organization,"脚本分类: github.com/android (org-level URL, 已知归属: Google)"
鲲鹏,386,vvenc(字节),ARM原生,https://github.com/ultravideo/vvenc,repo,脚本分类: github.com/ultravideo/vvenc
鲲鹏,387,tensorflow-serving(BOSS),搜广推,https://github.com/tensorflow/serving,repo,脚本分类: github.com/tensorflow/serving
鲲鹏,388,onednn(京东),搜广推,https://github.com/oneapi-src/oneDNN,repo,脚本分类: github.com/oneapi-src/oneDNN
鲲鹏,389,Faiss(美团),搜广推,https://github.com/facebookresearch/faiss,repo,脚本分类: github.com/facebookresearch/faiss
鲲鹏,390,hnswlib(美团),搜广推,https://github.com/nmslib/hnswlib,repo,脚本分类: github.com/nmslib/hnswlib
鲲鹏,391,XLA(京东),搜广推,https://github.com/tensorflow/xla,repo,脚本分类: github.com/tensorflow/xla
鲲鹏,392,ScaNN(美团),搜广推,https://github.com/google/scaNN,repo,脚本分类: github.com/google/scaNN
鲲鹏,393,newpfordelta(美团),搜广推,https://github.com/newpfordelta/newpfordelta,repo,脚本分类: github.com/newpfordelta/newpfordelta
鲲鹏,394,RabitQ(字节),搜广推,https://github.com/rabitq/rabitq,repo,脚本分类: github.com/rabitq/rabitq
鲲鹏,395,DiskANN(字节),搜广推,https://github.com/microsoft/DiskANN,repo,脚本分类: github.com/microsoft/DiskANN
鲲鹏,396,monolith(字节),搜广推,https://github.com/bytedance/monolith,repo,脚本分类: github.com/bytedance/monolith
鲲鹏,397,Eigen(京东),搜广推,https://github.com/eigenteam/eigen-git-mirror （官方镜像）,repo,脚本分类: github.com/eigenteam/eigen-git-mirror
鲲鹏,398,TVM(CBG),搜广推,https://github.com/apache/tvm,repo,脚本分类: github.com/apache/tvm
鲲鹏,399,onnxruntime(CBG),搜广推,https://github.com/microsoft/onnxruntime,repo,脚本分类: github.com/microsoft/onnxruntime
鲲鹏,400,vLLM(蚂蚁/腾讯),搜广推,https://github.com/vllm-project/vllm,repo,脚本分类: github.com/vllm-project/vllm
鲲鹏,401,llama.cpp（电信/移动）,搜广推,https://github.com/ggerganov/llama.cpp,repo,脚本分类: github.com/ggerganov/llama.cpp
鲲鹏,402,LangGraph(移动),搜广推,https://github.com/langchain-ai/langgraph,repo,脚本分类: github.com/langchain-ai/langgraph
鲲鹏,403,TensorRT（京东）,搜广推,https://github.com/NVIDIA/TensorRT,repo,脚本分类: github.com/NVIDIA/TensorRT
鲲鹏,404,TensorRT-LLM（京东）,搜广推,https://github.com/NVIDIA/TensorRT-LLM,repo,脚本分类: github.com/NVIDIA/TensorRT-LLM
鲲鹏,405,protobuf(字节),基础库&加速库,https://github.com/protocolbuffers/protobuf,repo,脚本分类: github.com/protocolbuffers/protobuf
鲲鹏,406,folly(字节),基础库&加速库,https://github.com/facebook/folly,repo,脚本分类: github.com/facebook/folly
鲲鹏,407,sonic-cpp(互联网),基础库&加速库,https://github.com/sonic-net/sonic-cpp,repo,脚本分类: github.com/sonic-net/sonic-cpp
鲲鹏,408,Tongsuo(蚂蚁),基础库&加速库,https://github.com/Tongsuo-Project/Tongsuo,repo,脚本分类: github.com/Tongsuo-Project/Tongsuo
鲲鹏,409,rapidjson(字节/腾讯),基础库&加速库,https://github.com/Tencent/rapidjson,repo,脚本分类: github.com/Tencent/rapidjson
鲲鹏,410,simdjson(美团),基础库&加速库,https://github.com/simdjson/simdjson,repo,脚本分类: github.com/simdjson/simdjson
鲲鹏,411,openssl(美团),基础库&加速库,https://github.com/openssl/openssl,repo,脚本分类: github.com/openssl/openssl
鲲鹏,412,fbthrift(字节),基础库&加速库,https://github.com/facebook/fbthrift,repo,脚本分类: github.com/facebook/fbthrift
鲲鹏,413,brpc(美团),基础库&加速库,https://github.com/brpc/brpc,repo,脚本分类: github.com/brpc/brpc
鲲鹏,414,taskflow(字节),基础库&加速库,https://github.com/taskflow/taskflow,repo,脚本分类: github.com/taskflow/taskflow
鲲鹏,415,simde（美团）,基础库&加速库,https://github.com/simd-everywhere/simde,repo,脚本分类: github.com/simd-everywhere/simde
鲲鹏,416,rust（字节/腾讯）,基础库&加速库,https://github.com/rust-lang/rust,repo,脚本分类: github.com/rust-lang/rust
鲲鹏,417,specfem3d,HPC,https://github.com/SPECFEM/specfem3d,repo,脚本分类: github.com/SPECFEM/specfem3d
鲲鹏,418,DeePMD-kit,HPC,https://github.com/deepmodeling/deepmd-kit,repo,脚本分类: github.com/deepmodeling/deepmd-kit
鲲鹏,419,RHMC,HPC,https://github.com/LatticeQCD/SIMULATeQCD,repo,脚本分类: github.com/LatticeQCD/SIMULATeQCD
鲲鹏,420,deepseek,HPC,https://github.com/deepseek-ai/DeepSeek-LLM,repo,脚本分类: github.com/deepseek-ai/DeepSeek-LLM
鲲鹏,421,Rfdiffusion,HPC,https://github.com/RosettaCommons/Rfdiffusion,repo,脚本分类: github.com/RosettaCommons/Rfdiffusion
鲲鹏,422,specfem3d_globe,HPC,https://github.com/SPECFEM/specfem3d_globe,repo,脚本分类: github.com/SPECFEM/specfem3d_globe
鲲鹏,423,Quantum Package,HPC,https://github.com/QuantumPackage/qp2,repo,脚本分类: github.com/QuantumPackage/qp2
鲲鹏,424,Abinit,HPC,https://github.com/abinit/abinit,repo,脚本分类: github.com/abinit/abinit
鲲鹏,425,CPMD,HPC,https://github.com/CPMD-code/CPMD,repo,脚本分类: github.com/CPMD-code/CPMD
鲲鹏,426,PSI,HPC,https://github.com/psi4/psi4,repo,脚本分类: github.com/psi4/psi4
鲲鹏,427,pwdft,HPC,https://github.com/ebylaska/PWDFT,repo,脚本分类: github.com/ebylaska/PWDFT
鲲鹏,428,ESPResSOmd,HPC,https://github.com/espressomd/espresso,repo,脚本分类: github.com/espressomd/espresso
鲲鹏,429,DL_POLY,HPC,https://github.com/ccp5UK/dl-poly,repo,脚本分类: github.com/ccp5UK/dl-poly
鲲鹏,430,miniGhost,HPC,https://github.com/Mantevo/miniGhost,repo,脚本分类: github.com/Mantevo/miniGhost
鲲鹏,431,Hefei-NAMD,HPC,https://github.com/QijingZheng/Hefei-NAMD,repo,脚本分类: github.com/QijingZheng/Hefei-NAMD
鲲鹏,432,siesta,HPC,https://gitlab.com/siesta-project/siesta,repo,脚本分类: gitlab.com/siesta-project/siesta
鲲鹏,433,ProteinMPNN,HPC,https://github.com/dauparas/ProteinMPNN,repo,脚本分类: github.com/dauparas/ProteinMPNN
鲲鹏,434,Moose Framework,HPC,https://github.com/idaholab/moose,repo,脚本分类: github.com/idaholab/moose
鲲鹏,435,QMCPACK,HPC,https://github.com/QMCPACK/qmcpack,repo,脚本分类: github.com/QMCPACK/qmcpack
鲲鹏,436,Geant4,HPC,https://github.com/Geant4/geant4,repo,脚本分类: github.com/Geant4/geant4
鲲鹏,437,Chroma,HPC,https://github.com/JeffersonLab/chroma,repo,脚本分类: github.com/JeffersonLab/chroma
鲲鹏,438,MILC,HPC,https://github.com/milc-qcd/milc_qcd,repo,脚本分类: github.com/milc-qcd/milc_qcd
鲲鹏,439,CPS,HPC,https://github.com/RBC-UKQCD/CPS_public,repo,脚本分类: github.com/RBC-UKQCD/CPS_public
鲲鹏,440,MEEP,HPC,https://github.com/NanoComp/meep,repo,脚本分类: github.com/NanoComp/meep
鲲鹏,441,Elmer,HPC,https://github.com/ElmerCSC/elmerfem,repo,脚本分类: github.com/ElmerCSC/elmerfem
鲲鹏,442,Code-Aster,HPC,https://github.com/ralic/Code_Aster,repo,脚本分类: github.com/ralic/Code_Aster
鲲鹏,443,Deal.II,HPC,https://github.com/dealii/dealii,repo,脚本分类: github.com/dealii/dealii
鲲鹏,444,FDS,HPC,https://github.com/firemodels/fds,repo,脚本分类: github.com/firemodels/fds
鲲鹏,445,SU2,HPC,https://github.com/su2code/SU2,repo,脚本分类: github.com/su2code/SU2
鲲鹏,446,Code-Saturne,HPC,https://github.com/code-saturne/code_saturne,repo,脚本分类: github.com/code-saturne/code_saturne
鲲鹏,447,PALABOS,HPC,https://gitlab.com/unigespc/palabos,repo,脚本分类: gitlab.com/unigespc/palabos
鲲鹏,448,CMAQ,HPC,https://github.com/USEPA/CMAQ,repo,脚本分类: github.com/USEPA/CMAQ
鲲鹏,449,WPS,HPC,https://github.com/wrf-model/WPS,repo,脚本分类: github.com/wrf-model/WPS
鲲鹏,450,WAVEWATCH,HPC,https://github.com/NOAA-EMC/WW3,repo,脚本分类: github.com/NOAA-EMC/WW3
鲲鹏,451,ROMS,HPC,https://github.com/myroms/roms,repo,脚本分类: github.com/myroms/roms
鲲鹏,452,HYCOM,HPC,https://github.com/HYCOM/HYCOM-src,repo,脚本分类: github.com/HYCOM/HYCOM-src
鲲鹏,453,Augustus,HPC,https://github.com/Gaius-Augustus/Augustus,repo,脚本分类: github.com/Gaius-Augustus/Augustus
鲲鹏,454,Chaste,HPC,https://github.com/Chaste/Chaste,repo,脚本分类: github.com/Chaste/Chaste
鲲鹏,455,CNVnator,HPC,https://github.com/abyzovlab/CNVnator,repo,脚本分类: github.com/abyzovlab/CNVnator
鲲鹏,456,SeisSol,HPC,https://github.com/SeisSol/SeisSol,repo,脚本分类: github.com/SeisSol/SeisSol
鲲鹏,457,GEMMA,HPC,https://github.com/genetics-statistics/GEMMA,repo,脚本分类: github.com/genetics-statistics/GEMMA
鲲鹏,458,kallisto,HPC,https://github.com/pachterlab/kallisto,repo,脚本分类: github.com/pachterlab/kallisto
鲲鹏,459,ROOT,HPC,https://github.com/root-project/root,repo,脚本分类: github.com/root-project/root
鲲鹏,460,MPB,HPC,https://github.com/NanoComp/mpb,repo,脚本分类: github.com/NanoComp/mpb
鲲鹏,461,Foldseek,HPC,https://github.com/steineggerlab/foldseek,repo,脚本分类: github.com/steineggerlab/foldseek
鲲鹏,462,phonopy,HPC,https://github.com/phonopy/phonopy,repo,脚本分类: github.com/phonopy/phonopy
鲲鹏,463,megahit,HPC,https://github.com/voutcn/megahit,repo,脚本分类: github.com/voutcn/megahit
鲲鹏,464,bcftools,HPC,https://github.com/samtools/bcftools,repo,脚本分类: github.com/samtools/bcftools
鲲鹏,465,openbabel,HPC,https://github.com/openbabel/openbabel,repo,脚本分类: github.com/openbabel/openbabel
鲲鹏,466,Abyss,HPC,https://github.com/bcgsc/abyss,repo,脚本分类: github.com/bcgsc/abyss
鲲鹏,467,FVCOM,HPC,https://github.com/FVCOM-GitHub/fvcom,repo,脚本分类: github.com/FVCOM-GitHub/fvcom
鲲鹏,468,Velvet,HPC,https://github.com/dzerbino/velvet,repo,脚本分类: github.com/dzerbino/velvet
鲲鹏,469,Tophat2,HPC,https://github.com/infphilo/tophat,repo,脚本分类: github.com/infphilo/tophat
鲲鹏,470,NOVOPlasty,HPC,https://github.com/ndierckx/NOVOPlasty,repo,脚本分类: github.com/ndierckx/NOVOPlasty
鲲鹏,471,PyRosetta,HPC,https://github.com/RosettaCommons/rosetta,repo,脚本分类: github.com/RosettaCommons/rosetta
鲲鹏,472,scanpy,HPC,https://github.com/scverse/scanpy,repo,脚本分类: github.com/scverse/scanpy
鲲鹏,473,Seurat,HPC,https://github.com/satijalab/seurat,repo,脚本分类: github.com/satijalab/seurat
鲲鹏,474,diamond,HPC,https://github.com/bbuchfink/diamond,repo,脚本分类: github.com/bbuchfink/diamond
鲲鹏,475,prodigal,HPC,https://github.com/hyattpd/Prodigal,repo,脚本分类: github.com/hyattpd/Prodigal
鲲鹏,476,COPASI,HPC,https://github.com/copasi/copasi,repo,脚本分类: github.com/copasi/copasi
鲲鹏,477,OpenMolcas,HPC,https://github.com/Molcas/OpenMolcas,repo,脚本分类: github.com/Molcas/OpenMolcas
鲲鹏,478,Cactus,HPC,https://github.com/ComparativeGenomicsToolkit/cactus,repo,脚本分类: github.com/ComparativeGenomicsToolkit/cactus
鲲鹏,479,Samtools,HPC,https://github.com/samtools/samtools,repo,脚本分类: github.com/samtools/samtools
鲲鹏,480,wtdbg2,HPC,https://github.com/ruanjue/wtdbg2,repo,脚本分类: github.com/ruanjue/wtdbg2
鲲鹏,481,wannier tools,HPC,https://github.com/quanshengwu/wannier_tools,repo,脚本分类: github.com/quanshengwu/wannier_tools
鲲鹏,482,Bowtie2,HPC,https://github.com/BenLangmead/bowtie2,repo,脚本分类: github.com/BenLangmead/bowtie2
鲲鹏,483,MACS3,HPC,https://github.com/macs3-project/MACS,repo,脚本分类: github.com/macs3-project/MACS
鲲鹏,484,HISAT2,HPC,https://github.com/DaehwanKimLab/hisat2,repo,脚本分类: github.com/DaehwanKimLab/hisat2
鲲鹏,485,Canu,HPC,https://github.com/marbl/canu,repo,脚本分类: github.com/marbl/canu
鲲鹏,486,interproscan,HPC,https://github.com/ebi-pf-team/interproscan,repo,脚本分类: github.com/ebi-pf-team/interproscan
鲲鹏,487,RSEM,HPC,https://github.com/deweylab/RSEM,repo,脚本分类: github.com/deweylab/RSEM
鲲鹏,488,jellyfish,HPC,https://github.com/gmarcais/Jellyfish,repo,脚本分类: github.com/gmarcais/Jellyfish
鲲鹏,489,STAR,HPC,https://github.com/alexdobin/STAR,repo,脚本分类: github.com/alexdobin/STAR
鲲鹏,490,fastp,HPC,https://github.com/OpenGene/fastp,repo,脚本分类: github.com/OpenGene/fastp
鲲鹏,491,WGCNA,HPC,https://github.com/smorabit/hdWGCNA,repo,脚本分类: github.com/smorabit/hdWGCNA
鲲鹏,492,vaspkit,HPC,https://github.com/vaspkit/vaspkit.github.io,repo,脚本分类: github.com/vaspkit/vaspkit.github.io
鲲鹏,493,Trinity,HPC,https://github.com/trinityrnaseq/trinityrnaseq,repo,脚本分类: github.com/trinityrnaseq/trinityrnaseq
鲲鹏,494,FASTA,HPC,https://github.com/xapple/fasta,repo,脚本分类: github.com/xapple/fasta
鲲鹏,495,FastTree,HPC,https://github.com/morgannprice/fasttree,repo,脚本分类: github.com/morgannprice/fasttree
鲲鹏,496,kraken2,HPC,https://github.com/DerrickWood/kraken2,repo,脚本分类: github.com/DerrickWood/kraken2
鲲鹏,497,Blat,HPC,https://github.com/icebert/pblat-cluster,repo,脚本分类: github.com/icebert/pblat-cluster
鲲鹏,498,AutoDOCK,HPC,https://github.com/ccsb-scripps/AutoDock-Vina,repo,脚本分类: github.com/ccsb-scripps/AutoDock-Vina
鲲鹏,499,cd-hit,HPC,https://github.com/weizhongli/cdhit,repo,脚本分类: github.com/weizhongli/cdhit
鲲鹏,500,kobas,HPC,https://github.com/xmao/kobas,repo,脚本分类: github.com/xmao/kobas
鲲鹏,501,meryl,HPC,https://github.com/marbl/meryl,repo,脚本分类: github.com/marbl/meryl
鲲鹏,502,pysam,HPC,https://github.com/pysam-developers/pysam,repo,脚本分类: github.com/pysam-developers/pysam
鲲鹏,503,phylophlan,HPC,https://github.com/biobakery/phylophlan,repo,脚本分类: github.com/biobakery/phylophlan
鲲鹏,504,VEP,HPC,https://github.com/Ensembl/ensembl-vep,repo,脚本分类: github.com/Ensembl/ensembl-vep
鲲鹏,505,prottest,HPC,https://github.com/ddarriba/prottest3,repo,脚本分类: github.com/ddarriba/prottest3
鲲鹏,506,phono3py,HPC,https://github.com/phonopy/phono3py,repo,脚本分类: github.com/phonopy/phono3py
鲲鹏,507,Cufflinks,HPC,https://github.com/cole-trapnell-lab/cufflinks,repo,脚本分类: github.com/cole-trapnell-lab/cufflinks
鲲鹏,508,bedtools,HPC,https://github.com/arq5x/bedtools2,repo,脚本分类: github.com/arq5x/bedtools2
鲲鹏,509,kallisto+bustools_python,HPC,https://github.com/pachterlab/kb_python,repo,脚本分类: github.com/pachterlab/kb_python
鲲鹏,510,circos,HPC,https://github.com/vigsterkr/circos,repo,脚本分类: github.com/vigsterkr/circos
鲲鹏,511,SURVIVOR,HPC,https://github.com/fritzsedlazeck/SURVIVOR,repo,脚本分类: github.com/fritzsedlazeck/SURVIVOR
鲲鹏,512,multiqc,HPC,https://github.com/ewels/MultiQC,repo,脚本分类: github.com/ewels/MultiQC
鲲鹏,513,RDKit,HPC,https://github.com/rdkit/rdkit,repo,脚本分类: github.com/rdkit/rdkit
鲲鹏,514,BEAST,HPC,https://github.com/beast-dev/beast-mcmc,repo,脚本分类: github.com/beast-dev/beast-mcmc
鲲鹏,515,kalign,HPC,https://github.com/TimoLassmann/kalign,repo,脚本分类: github.com/TimoLassmann/kalign
鲲鹏,516,psipred,HPC,https://github.com/psipred/psipred,repo,脚本分类: github.com/psipred/psipred
鲲鹏,517,HH-suite,HPC,https://github.com/soedinglab/hh-suite,repo,脚本分类: github.com/soedinglab/hh-suite
鲲鹏,518,NCL,HPC,https://github.com/NCAR/ncl,repo,脚本分类: github.com/NCAR/ncl
鲲鹏,519,xla,HPC,https://github.com/openxla/xla,repo,脚本分类: github.com/openxla/xla
鲲鹏,520,tvm,HPC,https://github.com/apache/tvm,repo,脚本分类: github.com/apache/tvm
鲲鹏,521,Want,基础库&加速库,https://github.com/QEF/want,repo,脚本分类: github.com/QEF/want
鲲鹏,522,AMG,HPC,https://github.com/llnl/AMG,repo,脚本分类: github.com/llnl/AMG
鲲鹏,523,gulp,基础库&加速库,https://github.com/gulpjs/gulp,repo,脚本分类: github.com/gulpjs/gulp
鲲鹏,524,Towhee,基础库&加速库,https://github.com/towhee-io/towhee,repo,脚本分类: github.com/towhee-io/towhee
鲲鹏,525,Multiwfn,基础库&加速库,https://github.com/foxtran/MultiWFN,repo,脚本分类: github.com/foxtran/MultiWFN
鲲鹏,526,Jax,HPC,https://github.com/jax-ml/jax,repo,脚本分类: github.com/jax-ml/jax
鲲鹏,527,sundials,基础库&加速库,https://github.com/llnl/sundials,repo,脚本分类: github.com/llnl/sundials
鲲鹏,528,NCEPLIBS,HPC,https://github.com/NOAA-EMC/NCEPLIBS,repo,脚本分类: github.com/NOAA-EMC/NCEPLIBS
鲲鹏,529,GADGET-2,HPC,https://github.com/gadget-framework/gadget2,repo,脚本分类: github.com/gadget-framework/gadget2
鲲鹏,530,paraFEM,HPC,https://github.com/parafem/parafem,repo,脚本分类: github.com/parafem/parafem
鲲鹏,531,QDK,基础库&加速库,https://github.com/qnap-dev/QDK,repo,脚本分类: github.com/qnap-dev/QDK
鲲鹏,532,NCO,HPC,https://github.com/nco/nco,repo,脚本分类: github.com/nco/nco
鲲鹏,533,qgis,基础库&加速库,https://github.com/qgis/QGIS,repo,脚本分类: github.com/qgis/QGIS
鲲鹏,534,eccodes,HPC,https://github.com/ecmwf/eccodes,repo,脚本分类: github.com/ecmwf/eccodes
鲲鹏,535,ecflow,HPC,https://github.com/ecmwf/ecflow,repo,脚本分类: github.com/ecmwf/ecflow
鲲鹏,536,Wannier90,基础库&加速库,https://github.com/wannier-developers/wannier90,repo,脚本分类: github.com/wannier-developers/wannier90
鲲鹏,537,udunits,基础库&加速库,https://github.com/Unidata/UDUNITS-2,repo,脚本分类: github.com/Unidata/UDUNITS-2
鲲鹏,538,wgrib2,HPC,https://github.com/NOAA-EMC/NCEPLIBS-wgrib2,repo,脚本分类: github.com/NOAA-EMC/NCEPLIBS-wgrib2
鲲鹏,539,grads,HPC,https://github.com/j-m-adams/GrADS,repo,脚本分类: github.com/j-m-adams/GrADS
鲲鹏,540,ncview,HPC,https://github.com/iem-projects/ncview,repo,脚本分类: github.com/iem-projects/ncview
鲲鹏,541,apptainer,基础库&加速库,https://github.com/apptainer/apptainer,repo,脚本分类: github.com/apptainer/apptainer
鲲鹏,542,grib_api,HPC,https://github.com/weathersource/grib_api,repo,脚本分类: github.com/weathersource/grib_api
鲲鹏,543,GDAL,基础库&加速库,https://github.com/OSGeo/GDAL,repo,脚本分类: github.com/OSGeo/GDAL
鲲鹏,544,Proj,基础库&加速库,https://github.com/OSGeo/PROJ,repo,脚本分类: github.com/OSGeo/PROJ
鲲鹏,545,plumed,基础库&加速库,https://github.com/plumed/plumed2,repo,脚本分类: github.com/plumed/plumed2
鲲鹏,546,SCALAPACK,基础库&加速库,https://github.com/Reference-ScaLAPACK/scalapack,repo,脚本分类: github.com/Reference-ScaLAPACK/scalapack
鲲鹏,547,gsl,HPC,https://github.com/ampl/gsl,repo,脚本分类: github.com/ampl/gsl
鲲鹏,548,FFTW,基础库&加速库,https://github.com/FFTW/fftw3,repo,脚本分类: github.com/FFTW/fftw3
鲲鹏,549,picard,HPC,https://github.com/broadinstitute/picard,repo,脚本分类: github.com/broadinstitute/picard
鲲鹏,550,Plink,HPC,https://github.com/chrchang/plink-ng,repo,脚本分类: github.com/chrchang/plink-ng
鲲鹏,551,sniffles,HPC,https://github.com/fritzsedlazeck/Sniffles,repo,脚本分类: github.com/fritzsedlazeck/Sniffles
鲲鹏,552,ObsPy,基础库&加速库,https://github.com/obspy/obspy,repo,脚本分类: github.com/obspy/obspy
鲲鹏,553,Metis,基础库&加速库,https://github.com/KarypisLab/METIS,repo,脚本分类: github.com/KarypisLab/METIS
鲲鹏,554,Eigen,基础库&加速库,https://gitlab.com/libeigen/eigen,repo,脚本分类: gitlab.com/libeigen/eigen
鲲鹏,555,irvsp,基础库&加速库,https://github.com/zjwang11/IRVSP,repo,脚本分类: github.com/zjwang11/IRVSP
鲲鹏,556,SPACK,基础库&加速库,https://github.com/spack/spack,repo,脚本分类: github.com/spack/spack
鲲鹏,557,brpc,基础库&加速库,https://github.com/apache/brpc,repo,脚本分类: github.com/apache/brpc
鲲鹏,558,gperftools,基础库&加速库,https://github.com/gperftools/gperftools,repo,脚本分类: github.com/gperftools/gperftools
鲲鹏,559,mpi4py,基础库&加速库,https://github.com/mpi4py/mpi4py,repo,脚本分类: github.com/mpi4py/mpi4py
鲲鹏,560,SWMM,基础库&加速库,https://github.com/USEPA/Stormwater-Management-Model,repo,脚本分类: github.com/USEPA/Stormwater-Management-Model
鲲鹏,561,PETSc,基础库&加速库,https://github.com/petsc/petsc,repo,脚本分类: github.com/petsc/petsc
鲲鹏,562,mfem,HPC,https://github.com/mfem/mfem,repo,脚本分类: github.com/mfem/mfem
鲲鹏,563,kokkos,基础库&加速库,https://github.com/kokkos/kokkos,repo,脚本分类: github.com/kokkos/kokkos
鲲鹏,564,triton,基础库&加速库,https://github.com/triton-lang/triton,repo,脚本分类: github.com/triton-lang/triton
鲲鹏,565,slurm,基础库&加速库,https://github.com/SchedMD/slurm,repo,脚本分类: github.com/SchedMD/slurm
鲲鹏,566,sglang,HPC,https://github.com/sgl-project/sglang,repo,脚本分类: github.com/sgl-project/sglang
鲲鹏,567,vllm,HPC,https://github.com/vllm-project/vllm,repo,脚本分类: github.com/vllm-project/vllm
