org_name,org_url,platform,repo_count,页签,项目名称,分类,上游地址,description,blog,location,public_repos,source
The Apache Software Foundation,https://github.com/apache,github.com,50,鲲鹏,APR;APR-util;ATS;Accumulo;ActiveMQ;Ambari(中移);Ant;Apache HTTP Server;Arrow;Atlas;Avro;Cassandra;Celeborn（阿里）;Doris;Drill;Druid;Dubbo;Flink;Flume;Gluten(京东/美团);Guacamole;HBase;Hadoop;Hive;Iceberg(字节/京东);Impala;Kafka;Kudu;Kylin;Kyuubi;Livy;Lucene;Maven;Mesos;ORC(京东);Oozie;Parquet;Phoenix;Pig;Solr;Spark;Storm;TVM(CBG);Tez;Thrift;Tomcat;Zookeeper;auron（快手）;brpc;hudi(字节/京东),"Web,基础库&加速库,大数据,搜广推,数据库",,,https://www.apache.org/,,3097,"repo_known_org.csv,repo_unknown_org.csv"
bioconductor,https://github.com/bioconductor,github.com,11,鲲鹏,Bioconductor;batchelor;biovizbase;dnacopy;fastseg;geneselectmmd;genomation;kebabs;maigespack;metapod;methylkit;monocle,HPC,https://github.com/bioconductor,,,,0,"organization.csv,repo_unknown_org.csv"
Google,https://github.com/google,github.com,8,"昇腾,鲲鹏",A2UI;Snappy;benchmark;LevelDB;Google Test;FlatBuffers;RE2;ScaNN(美团),"ARM应用支持,基础库&加速库,应用加速,搜广推,数据库",,Google ❤️ Open Source,https://opensource.google/,United States of America,2852,repo_known_org.csv
Hugging Face,https://github.com/huggingface,github.com,7,昇腾,transformers;accelerate;PEFT;TRL;diffusers;timm;TGI,"推理加速,训练加速",,The AI community building the future.,https://huggingface.co/,NYC + Paris,403,repo_known_org.csv
Alibaba,https://github.com/alibaba,github.com,6,"昇腾,鲲鹏",ChatLearn;ROLL;rtp-llm;Tengine;FastJSON;canal,"Web,基础库&加速库,推理加速,训练加速",,Alibaba Open Source,https://opensource.alibaba.com/,"Hangzhou, China",520,repo_known_org.csv
Meta,https://github.com/facebook,github.com,5,鲲鹏,Zstd;RocksDB;React;folly(字节);fbthrift(字节),"基础库&加速库,数据库",,We are working to build community through open source technology. NB: members must have two-factor auth.,https://opensource.fb.com,"Menlo Park, California",167,repo_known_org.csv
vllm-project,https://github.com/vllm-project,github.com,5,"昇腾,鲲鹏",AIBrix;llm-compressor;router;speculators;vLLM(蚂蚁/腾讯);vLLM社区,"推理加速,搜广推,训练加速",https://github.com/vllm-project,,,,36,"organization.csv,repo_known_org.csv"
NVIDIA Corporation,https://github.com/NVIDIA,github.com,4,"昇腾,鲲鹏",Magatron;TensorRT;TensorRT（京东）;TensorRT-LLM（京东）,"HPC,搜广推,训练加速",,,https://nvidia.com,"2788 San Tomas Expressway, Santa Clara, CA, 95051",710,repo_known_org.csv
pytorch,https://github.com/pytorch,github.com,4,"昇腾,鲲鹏",PyTorch;PyTorch社区;tensordict;torchtitan;torchvision,"AI框架,搜广推,训练加速",https://github.com/pytorch,,https://pytorch.org,where the eigens are valued,67,"organization.csv,repo_known_org.csv"
Broad Institute,https://github.com/broadinstitute,github.com,3,鲲鹏,GATK;pilon;picard,HPC,,Broad Institute of MIT and Harvard,http://www.broadinstitute.org/,"Cambridge, MA",1468,repo_known_org.csv
Dfam Consortium,https://github.com/dfam-consortium,github.com,3,鲲鹏,RepeatModeler;RepeatScout;repeatmasker,HPC,,Resources for the Study of Transposable Element Families,www.dfam.org,,24,"repo_known_org.csv,repo_unknown_org.csv"
Microsoft,https://github.com/microsoft,github.com,3,"昇腾,鲲鹏",ONNXRuntime;TypeScript;DiskANN(字节),"基础库&加速库,推理加速,搜广推",,Open source projects and samples from Microsoft,https://opensource.microsoft.com,"Redmond, WA",7751,repo_known_org.csv
NOAA Environmental Modeling Center (EMC),https://github.com/NOAA-EMC,github.com,3,鲲鹏,WAVEWATCH;NCEPLIBS;wgrib2,HPC,,We develop numerical forecast systems and enhance numerical forecasts through numerical computational technology and data assimilation techniques.   ,http://www.emc.ncep.noaa.gov/,United States of America,237,repo_known_org.csv
elastic,https://github.com/elastic,github.com,3,鲲鹏,logstash;Kibana;Filebeat,"基础库&加速库,大数据",,,https://www.elastic.co/,,908,repo_known_org.csv
kvcache.ai,https://github.com/kvcache-ai,github.com,3,"昇腾,鲲鹏",Ktransformers;Mooncake;Mooncake(京东),"分布式存储,推理加速",,"KVCache.AI is a joint research project between MADSys and top industry collaborators, focusing on efficient LLM serving.",https://madsys.cs.tsinghua.edu.cn/,,13,"repo_known_org.csv,repo_unknown_org.csv"
tensorflow,https://github.com/tensorflow,github.com,3,"昇腾,鲲鹏",TensorFlow;tensorflow-serving(BOSS);XLA(京东),"AI框架,搜广推",,,http://www.tensorflow.org,,107,repo_known_org.csv
Automattic,https://github.com/automattic,github.com,2,鲲鹏,Knox;Mongoose,"Web,大数据",,We are passionate about making the web a better place.,https://automattic.com,Worldwide,1265,repo_known_org.csv
Bytedance Inc.,https://github.com/bytedance,github.com,2,鲲鹏,Bolt(字节);monolith(字节),"大数据,搜广推",,,https://opensource.bytedance.com,Singapore,401,repo_known_org.csv
Center for Computational Structural Biology,https://github.com/ccsb-scripps,github.com,2,鲲鹏,AutoDock vina;AutoDOCK,HPC,,Docking and Mesoscale Modeling,https://ccsb.scripps.edu,Scripps Research,11,repo_known_org.csv
European Centre for Medium-Range Weather Forecasts,https://github.com/ecmwf,github.com,2,鲲鹏,eccodes;ecflow,HPC,,Providing software to work with meteorological data and services,www.ecmwf.int,"Shinfield Park, Reading, United Kingdom",157,repo_known_org.csv
InfluxData,https://github.com/influxdata,github.com,2,鲲鹏,InfluxDB;Telegraf,"基础库&加速库,数据库",,,https://influxdata.com,United States of America,216,repo_known_org.csv
Intel® Corporation,https://github.com/intel,github.com,2,鲲鹏,Hyperscan;ISA-L,基础库&加速库,,,,,1327,"repo_known_org.csv,repo_unknown_org.csv"
InternLM,https://github.com/InternLM,github.com,2,昇腾,InternLM;xtuner,"推理加速,训练加速",,,https://chat.intern-ai.org.cn/,China,46,repo_known_org.csv
Kim Lab at UT Southwestern Medical Center,https://github.com/DaehwanKimLab,github.com,2,鲲鹏,centrifuge;HISAT2,HPC,,,https://kim-lab.org,,17,repo_known_org.csv
Kubernetes,https://github.com/kubernetes,github.com,2,"昇腾,鲲鹏",Kubernetes DRA;Kubernetes,"推理加速,虚拟化",,Production-Grade Container Scheduling and Management,https://kubernetes.io,,80,repo_known_org.csv
LLVM,https://github.com/llvm,github.com,2,鲲鹏,Clang;LLVM,"ARM应用支持,基础库&加速库",,This is the LLVM organization on GitHub for the LLVM Project: a collection of modular and reusable compiler and toolchain technologies.,https://llvm.org,,43,"repo_known_org.csv,repo_unknown_org.csv"
Lawrence Livermore National Laboratory,https://github.com/llnl,github.com,2,鲲鹏,AMG;sundials,"HPC,基础库&加速库",,"For over 70 years, the Lawrence Livermore National Laboratory has applied science and technology to make the world a safer place.",https://software.llnl.gov,"Livermore, CA, USA",657,repo_known_org.csv
MarBL,https://github.com/marbl,github.com,2,鲲鹏,Canu;meryl,HPC,,Maryland Bioinformatics Labs,,,44,repo_known_org.csv
Nanostructures and Computation Group,https://github.com/NanoComp,github.com,2,鲲鹏,MEEP;MPB,HPC,,,http://math.mit.edu/~stevenj/group,"MIT, Cambridge, MA, USA",11,repo_known_org.csv
Open Source Geospatial Foundation,https://github.com/OSGeo,github.com,2,鲲鹏,GDAL;Proj,基础库&加速库,,Empower everyone with open source geospatial,https://www.osgeo.org,United States of America,44,repo_known_org.csv
Pachter Lab,https://github.com/pachterlab,github.com,2,鲲鹏,kallisto;kallisto+bustools_python,HPC,,,http://pachterlab.github.io,"Pasadena, CA",172,repo_known_org.csv
Quantum ESPRESSO,https://github.com/qef,github.com,2,鲲鹏,QuantumEspresso;Want,"HPC,基础库&加速库",,,http://www.quantum-espresso.org/,,24,repo_known_org.csv
Redis,https://github.com/redis,github.com,2,鲲鹏,Redis;Hiredis,"基础库&加速库,大数据",,,https://redis.io,,69,repo_known_org.csv
RosettaCommons,https://github.com/RosettaCommons,github.com,2,鲲鹏,Rfdiffusion;PyRosetta,HPC,,,https://www.rosettacommons.org,,50,repo_known_org.csv
SPECFEM,https://github.com/SPECFEM,github.com,2,鲲鹏,specfem3d;specfem3d_globe,HPC,,Spectral-element code repositories,https://specfem.org,,12,repo_known_org.csv
Spring,https://github.com/spring-projects,github.com,2,鲲鹏,Spring Framework;Spring Boot,Web,,Spring Projects,https://spring.io/projects,United States of America,80,repo_known_org.csv
Söding Lab,https://github.com/soedinglab,github.com,2,鲲鹏,metaeuk;HH-suite,HPC,,Quantitative and Computational Biology,https://mpinat.mpg.de/soeding,"Goettingen, Germany",57,repo_known_org.csv
U.S. Environmental Protection Agency,https://github.com/USEPA,github.com,2,鲲鹏,CMAQ;SWMM,"HPC,基础库&加速库",,Protecting Human Health and the Environment,https://www.epa.gov,United States of America,680,repo_known_org.csv
Weather Research and Forecasting Model,https://github.com/wrf-model,github.com,2,鲲鹏,WRF;WPS,HPC,,,http://www2.mmm.ucar.edu/wrf/users/,"Boulder, Colorado, USA",16,repo_known_org.csv
ggml,https://github.com/ggml-org,github.com,2,"昇腾,鲲鹏",llama.cpp;llama.cpp（电信/移动）;whisper,"推理加速,搜广推",,AI inference at the edge,https://ggml.ai,,18,"repo_known_org.csv,repo_unknown_org.csv"
grpc,https://github.com/grpc,github.com,2,鲲鹏,grpc-java;grpc,基础库&加速库,,"A high performance, open source, general-purpose RPC framework",https://grpc.io,,31,repo_known_org.csv
modelscope,https://github.com/modelscope,github.com,2,昇腾,DiffSynth-Studio;ModelScope;ms-swift,"推理加速,训练加速",https://github.com/modelscope,Model-as-a-Service in the making: bring accessible AI to all.,https://www.modelscope.cn/,,45,"organization.csv,repo_known_org.csv"
phonopy,https://github.com/phonopy,github.com,2,鲲鹏,phonopy;phono3py,HPC,,,,,5,repo_known_org.csv
ray-project,https://github.com/ray-project,github.com,2,"昇腾,鲲鹏",Ray;kuberay(字节),"推理加速,虚拟化",,,https://docs.ray.io,,124,repo_known_org.csv
samtools,https://github.com/samtools,github.com,2,鲲鹏,bcftools;Samtools,HPC,,,http://samtools.github.io,,16,repo_known_org.csv
sgl-project,https://github.com/sgl-project,github.com,2,"昇腾,鲲鹏",SGLang社区;SpecForge;sglang,"HPC,推理加速,训练加速",https://github.com/sgl-project,,,,26,"organization.csv,repo_known_org.csv"
.NET Platform,https://github.com/dotnet,github.com,1,鲲鹏,.NET Core,Web,,Home of the open source .NET platform,https://dot.net,,277,repo_known_org.csv
3dem,https://github.com/3dem,github.com,1,鲲鹏,Relion,HPC,,,,,20,repo_known_org.csv
3fs,https://github.com/3fs,github.com,1,鲲鹏,3FS(Xsky),分布式存储,,,https://www.3fs.cloud,Sweden,40,repo_known_org.csv
A mirror to other labs,https://github.com/mirror,github.com,1,鲲鹏,busybox,基础库&加速库,,A link between labs if you want to put it that way,,"Unaffiliated with GitHub, Inc.",125,repo_known_org.csv
ABINIT,https://github.com/abinit,github.com,1,鲲鹏,Abinit,HPC,,,https://www.abinit.org,Belgium,52,repo_known_org.csv
AMPL,https://github.com/ampl,github.com,1,鲲鹏,gsl,HPC,,A modeling language for mathematical programming,https://ampl.com,,25,repo_known_org.csv
ANP Open Source Community,https://github.com/agent-network-protocol,github.com,1,昇腾,ANP,应用加速,,The goal of the ANP Open Source Community is to define agent connectivity and collaboration through open source.,www.agent-network-protocol.com,,16,repo_known_org.csv
Abyzov lab,https://github.com/abyzovlab,github.com,1,鲲鹏,CNVnator,HPC,,Software packages developed in Abyzov's lab,http://abyzovlab.org,"Rochester, MN",11,repo_known_org.csv
Agent2Agent (A2A) Project,https://github.com/a2aproject,github.com,1,昇腾,A2A,应用加速,,Donated to the Linux Foundation by Google,https://a2a-protocol.org,,11,repo_known_org.csv
Aiden Lab,https://github.com/aidenlab,github.com,1,鲲鹏,3d-dna,HPC,,The Center for Genome Architecture,http://aidenlab.org/,United States of America,38,repo_known_org.csv
Alliance for Open Media,https://github.com/AOMediaCodec,github.com,1,鲲鹏,libavif(京东),ARM原生,,,https://aomedia.org,,24,repo_known_org.csv
Alluxio,https://github.com/alluxio,github.com,1,鲲鹏,Alluxio,大数据,,,https://www.alluxio.io/,,13,repo_known_org.csv
Amber-MD,https://github.com/Amber-MD,github.com,1,鲲鹏,Amber tools,HPC,,,,,0,repo_unknown_org.csv
Ansible,https://github.com/ansible,github.com,1,鲲鹏,Ansible,基础库&加速库,,,https://www.ansible.com/,United States of America,301,repo_known_org.csv
Axolotl AI,https://github.com/axolotl-ai-cloud,github.com,1,昇腾,axolotl,训练加速,,,https://axolotl.ai,United States of America,18,repo_known_org.csv
Bayesian Evolutionary Analysis Sampling Trees,https://github.com/beast-dev,github.com,1,鲲鹏,BEAST,HPC,,,http://beast.community,,9,repo_known_org.csv
Berkeley Vision and Learning Center,https://github.com/bvlc,github.com,1,鲲鹏,caffe,搜广推,,Autonomous Perception Research,http://bvlc.eecs.berkeley.edu,UC Berkeley,4,repo_known_org.csv
BioD,https://github.com/biod,github.com,1,鲲鹏,sambamba,HPC,,Dlang for bioinformatics,,,5,repo_known_org.csv
Boost.org,https://github.com/boostorg,github.com,1,鲲鹏,Boost,基础库&加速库,,Boost provides free peer-reviewed portable C++ source libraries.,http://libboost.org,Interstellar Space,200,repo_known_org.csv
ByteDance-Seed,https://github.com/ByteDance-Seed,github.com,1,昇腾,VeOmni,训练加速,,,https://seed.bytedance.com/,,54,repo_known_org.csv
COMBINE lab,https://github.com/combine-lab,github.com,1,鲲鹏,salmon,HPC,,COMputational BIology and Network Evolution lab,combine-lab.github.io,University of Maryland,137,repo_known_org.csv
COPASI,https://github.com/copasi,github.com,1,鲲鹏,COPASI,HPC,,,http://www.copasi.org,,22,repo_known_org.csv
CP2K,https://github.com/cp2k,github.com,1,鲲鹏,CP2K,HPC,,,https://www.cp2k.org/,,10,repo_known_org.csv
Canada's Michael Smith Genome Sciences Centre,https://github.com/bcgsc,github.com,1,鲲鹏,Abyss,HPC,,Sequencing Centre for Genomics and Bioinformatics Research,http://www.bcgsc.ca/,"Vancouver, BC, Canada",30,repo_known_org.csv
Car-Parrinello Molecular Dynamics ,https://github.com/CPMD-code,github.com,1,鲲鹏,CPMD,HPC,,,,,7,repo_known_org.csv
Ceph,https://github.com/ceph,github.com,1,鲲鹏,Ceph,分布式存储,,,https://ceph.io/,"California, USA",201,repo_known_org.csv
Chaste - Cancer Heart and Soft Tissue Environment,https://github.com/Chaste,github.com,1,鲲鹏,Chaste,HPC,,C++ library for computational biology and physiology simulations,https://chaste.github.io/,United Kingdom,63,repo_known_org.csv
Cisco Systems,https://github.com/cisco,github.com,1,鲲鹏,OpenH264,ARM应用支持,,Open Source Projects from Cisco Systems,https://cisco.com,,84,repo_known_org.csv
ClickHouse,https://github.com/clickhouse,github.com,1,鲲鹏,ClickHouse,大数据,,,https://clickhouse.com,United States of America,308,repo_known_org.csv
CloudWeGo,https://github.com/cloudwego,github.com,1,鲲鹏,CloudWeGo(字节),虚拟化,,A leading practice for building enterprise-class cloud native architectures!,https://www.cloudwego.io/,,46,repo_known_org.csv
ClusterLabs,https://github.com/clusterlabs,github.com,1,鲲鹏,PaceMaker,基础库&加速库,,,http://www.ClusterLabs.org/,,28,repo_known_org.csv
Coinbase,https://github.com/coinbase,github.com,1,昇腾,X402,应用加速,,,https://www.coinbase.com,,169,repo_known_org.csv
Comfy-Org,https://github.com/Comfy-Org,github.com,1,昇腾,ComfyUI,推理加速,,,,,0,repo_unknown_org.csv
Community Surface Dynamics Modeling System,https://github.com/csdms,github.com,1,鲲鹏,WAVEWATCH III,HPC,,Cyberinfrastructure for the quantitative modeling of earth and planetary surface processes,http://csdms.colorado.edu,,125,repo_known_org.csv
ComparativeGenomicsToolkit,https://github.com/ComparativeGenomicsToolkit,github.com,1,鲲鹏,Cactus,HPC,,,,,32,repo_known_org.csv
CoreDNS,https://github.com/coredns,github.com,1,鲲鹏,CoreDNS,虚拟化,,Cloud Native DNS,https://coredns.io/,,36,repo_known_org.csv
CoreOS,https://github.com/coreos,github.com,1,鲲鹏,Flannel,虚拟化,,"Key components to secure, simplify and automate your container infrastructure",https://getfedora.org/coreos,,275,repo_known_org.csv
CryoEM Software Development,https://github.com/cryoem,github.com,1,鲲鹏,eman2,HPC,,"This is a group for software development of CryoEM packages, initially only EMAN2/SPARX, but we are happy to accept additional projects.",,,24,repo_known_org.csv
CubeFS,https://github.com/cubefs,github.com,1,鲲鹏,Cubefs,分布式存储,,"an open-source, cloud-native file storage hosted by the CNCF",https://cubefs.io,,25,repo_known_org.csv
DAOS Storage Stack,https://github.com/daos-stack,github.com,1,鲲鹏,DAOS,分布式存储,,Distributed Asynchronous Object Storage,https://daosio.atlassian.net/wiki/spaces/DC/,,93,repo_known_org.csv
DPDK,https://github.com/dpdk,github.com,1,鲲鹏,DPDK,基础库&加速库,,Data Plane Development Kit,dpdk.org,,3,repo_known_org.csv
DataJuicer,https://github.com/datajuicer,github.com,1,鲲鹏,data-juicer（腾讯）,大数据,,Data processing for and with large models.,,,8,repo_known_org.csv
Databricks,https://github.com/databricks,github.com,1,昇腾,megablocks,训练加速,,Helping data teams solve the world’s toughest problems using data and AI,https://databricks.com,United States of America,255,repo_known_org.csv
David Reich Lab,https://github.com/dreichlab,github.com,1,鲲鹏,EIGENSOFT,HPC,,,https://reich.hms.harvard.edu/,,12,repo_known_org.csv
DeepModeling,https://github.com/deepmodeling,github.com,1,鲲鹏,DeePMD-kit,HPC,,Define the future of scientific computing together,https://deepmodeling.com,,67,repo_known_org.csv
Deltares,https://oss.deltares.nl/web/delft3d,,1,鲲鹏,DELFT3D,HPC,,,,,0,repo_unknown_org.csv
Dewey Lab,https://github.com/deweylab,github.com,1,鲲鹏,RSEM,HPC,,The research group of Dr. Colin Dewey @ University of Wisconsin-Madison,http://deweylab.biostat.wisc.edu,"Madison, WI",8,repo_known_org.csv
Distributed (Deep) Machine Learning Community,https://github.com/dmlc,github.com,1,昇腾,dgl,训练加速,,A Community of Awesome Machine Learning Projects,,,51,repo_known_org.csv
Django,https://github.com/django,github.com,1,鲲鹏,Django,Web,,,https://www.djangoproject.com/,Internet,30,repo_known_org.csv
E2B | Cloud for AI Agents,https://github.com/e2b-dev,github.com,1,鲲鹏,E2B(字节),虚拟化,,"Open-source, secure environment with real-world tools for enterprise-grade agents.",https://e2b.dev/docs,United States of America,54,repo_known_org.csv
EBI (Birney),https://www.ebi.ac.uk/~birney/wise2,,1,鲲鹏,genewise,HPC,,,,,0,repo_unknown_org.csv
ESPResSo MD,https://github.com/espressomd,github.com,1,鲲鹏,ESPResSOmd,HPC,,,https://espressomd.org,,4,repo_known_org.csv
ESnet: Energy Sciences Network,https://github.com/esnet,github.com,1,鲲鹏,iperf,基础库&加速库,,"ESnet provides the high-bandwidth, reliable connections that link scientists at national laboratories and other research institutions.",https://software.es.net/,"Berkeley, CA",135,repo_known_org.csv
Earth System Community Modeling Portal,https://github.com/escomp,github.com,1,鲲鹏,CESM,HPC,,,https://escomp.github.io/,,71,repo_known_org.csv
Eclipse EE4J,https://github.com/eclipse-ee4j,github.com,1,鲲鹏,Glassfish,Web,,The Eclipse EE4J Project,https://projects.eclipse.org/projects/ee4j,,102,repo_known_org.csv
Eclipse Foundation,https://github.com/eclipse,github.com,1,鲲鹏,Jetty,Web,,,http://eclipse.org,,9,repo_known_org.csv
EleutherAI,https://github.com/EleutherAI,github.com,1,昇腾,lm-eval-harness,推理加速,,,www.eleuther.ai,The Internet,182,repo_known_org.csv
ElmerCSC,https://github.com/ElmerCSC,github.com,1,鲲鹏,Elmer,HPC,,Elmer developer team,http://elmerfem.org/,,17,repo_known_org.csv
Ensembl Project,https://github.com/Ensembl,github.com,1,鲲鹏,VEP,HPC,,,http://www.ensembl.org,EMBL-EBI and Wellcome Trust Sanger Institute,224,repo_known_org.csv
Envoy Proxy - CNCF,https://github.com/envoyproxy,github.com,1,鲲鹏,Envoy,虚拟化,,Envoy Proxy - CNCF,https://www.envoyproxy.io/,,35,repo_known_org.csv
Erlang/OTP,https://github.com/erlang,github.com,1,鲲鹏,Erlang,基础库&加速库,,,http://www.erlang.org,"Stockholm, Sweden",23,repo_known_org.csv
Eventual,https://github.com/Eventual-Inc,github.com,1,鲲鹏,daft（字节）,大数据,,Eventual Computing,https://www.eventualcomputing.com/,United States of America,32,repo_known_org.csv
Expat development team,https://github.com/libexpat,github.com,1,鲲鹏,Expat,基础库&加速库,,,https://libexpat.github.io/,,2,repo_known_org.csv
FFTW,https://github.com/FFTW,github.com,1,鲲鹏,FFTW,基础库&加速库,,,http://www.fftw.org/,,2,repo_known_org.csv
FLA,https://github.com/fla-org,github.com,1,昇腾,flash-linear-attention,训练加速,,,,,13,repo_known_org.csv
FMRIB-Software-Library,https://github.com/FMRIB-Software-Library,github.com,1,鲲鹏,FSL,HPC,,,,,0,repo_unknown_org.csv
Falconry,https://github.com/falconry,github.com,1,鲲鹏,Falcon,HPC,,,http://falconframework.org,,11,repo_known_org.csv
FastCGI-Archives,https://github.com/fastcgi-archives,github.com,1,鲲鹏,fcgi,Web,,FastCGI.com Github Archives,https://fastcgi-archives.github.io/,,5,repo_known_org.csv
Fire Models,https://github.com/firemodels,github.com,1,鲲鹏,FDS,HPC,,open source fire models,,,13,repo_known_org.csv
FlagOS,https://github.com/flagos-ai,github.com,1,昇腾,FlagScale,推理加速,,"A Unified, Open-Source AI System Software Stack",https://flagos.io,China,37,repo_known_org.csv
"GEOS -- Geometry Engine, Open Source",https://github.com/libgeos,github.com,1,鲲鹏,Geos,基础库&加速库,,GEOS is a library for computational geometry operations used in geospatial systems.,https://libgeos.org,,2,repo_known_org.csv
GNOME Github Mirror,https://github.com/gnome,github.com,1,鲲鹏,Libxml2,基础库&加速库,,Contributions sent to this organization will be forwarded automatically to https://gitlab.gnome.org,https://handbook.gnome.org/infrastructure/github_mirror.html,United States of America,322,repo_known_org.csv
GNU (gnutools),https://github.com/gnutools,github.com,1,鲲鹏,GDB,基础库&加速库,,,,,0,repo_unknown_org.csv
GNU MPFR (INRIA),https://gitlab.inria.fr/mpfr,gitlab.inria.fr,1,鲲鹏,MPFR,基础库&加速库,,,,,0,repo_unknown_org.csv
GNU Project,https://gmplib.org,,1,鲲鹏,GMP,基础库&加速库,,,,,0,repo_unknown_org.csv
GNU Project,https://www.multiprecision.org,,1,鲲鹏,libmpc,基础库&加速库,,,,,0,repo_unknown_org.csv
GPUStack,https://github.com/gpustack,github.com,1,昇腾,GPUStack,推理加速,,GPU cluster manager for optimized AI model deployment,,,15,repo_known_org.csv
Gaius-Augustus,https://github.com/Gaius-Augustus,github.com,1,鲲鹏,Augustus,HPC,,,,,21,repo_known_org.csv
Geant4,https://github.com/Geant4,github.com,1,鲲鹏,Geant4,HPC,,Geant4 toolkit for the simulation of the passage of particles through matter - NIM A 506 (2003) 250-303 - NIM A 835 (2016) 186-225,http://geant4.org,,1,repo_known_org.csv
Git,https://github.com/git,github.com,1,鲲鹏,Git,基础库&加速库,,,https://git-scm.com,,9,repo_known_org.csv
Gluster.org,https://github.com/gluster,github.com,1,鲲鹏,GlusterFS,分布式存储,,"Gluster is a software defined storage, which you can use for high-availability and other features as storage in Hybrid Cloud, Containers, or as NAS replacement.",https://www.gluster.org,,107,repo_known_org.csv
Go,https://github.com/golang,github.com,1,鲲鹏,Golang,基础库&加速库,,The Go Programming Language,https://go.dev,,61,repo_known_org.csv
Google Agentic Commerce,https://github.com/google-agentic-commerce,github.com,1,昇腾,AP2,应用加速,,,https://ap2-protocol.org,United States of America,2,repo_known_org.csv
Google DeepMind,https://github.com/google-deepmind,github.com,1,鲲鹏,AlphaFold2,HPC,,,https://www.deepmind.com/,,382,repo_known_org.csv
Gradle Technologies,https://github.com/gradle,github.com,1,鲲鹏,Gradle,基础库&加速库,,,https://gradle.com,,249,repo_known_org.csv
Grafana Labs,https://github.com/grafana,github.com,1,鲲鹏,Grafana,基础库&加速库,,"Grafana Labs is behind leading open source projects Grafana and Loki, and the creator of the first open & composable observability platform.",https://grafana.com,Sweden,981,repo_known_org.csv
Gromacs,https://github.com/gromacs,github.com,1,鲲鹏,GROMACS,HPC,,,www.gromacs.org,,7,repo_known_org.csv
HAProxy,https://github.com/haproxy,github.com,1,鲲鹏,HAProxy,Web,,The HAProxy Community,http://haproxy.org/,,7,repo_known_org.csv
HPC-AI Tech,https://github.com/hpcaitech,github.com,1,昇腾,ColossalAI,推理加速,,We are a global team to help you train and deploy your AI models,https://hpc-ai.com/,,33,repo_known_org.csv
HYCOM.org,https://github.com/HYCOM,github.com,1,鲲鹏,HYCOM,HPC,,HYbrid Coordinate Ocean Model,https://hycom.org/hycom/overview,"Tallahassee, FL",6,repo_known_org.csv
Harbor,https://github.com/goharbor,github.com,1,鲲鹏,harbor,虚拟化,,"An open source registry that secures artifacts with policies and RBAC, ensures images are scanned and free from vulnerabilities, and signs images as trusted.",https://goharbor.io,,28,repo_known_org.csv
HashiCorp,https://github.com/hashicorp,github.com,1,鲲鹏,consul,基础库&加速库,,"Consistent workflows to provision, secure, connect, and run any infrastructure for any application.",https://hashicorp.com,"San Francisco, CA",930,repo_known_org.csv
Hello World Foundation,https://github.com/fmtlib,github.com,1,鲲鹏,fmt,基础库&加速库,,,,United States,5,repo_known_org.csv
Hewlett Packard Enterprise,https://github.com/hewlettpackard,github.com,1,鲲鹏,Netperf,基础库&加速库,,Hewlett Packard Enterprise on github; please contact github@hpe.com for access,http://www.hpe.com,,481,repo_known_org.csv
Horovod,https://github.com/horovod,github.com,1,鲲鹏,horovod,搜广推,,"Distributed training framework for TensorFlow, Keras, PyTorch, and Apache MXNet.",https://horovod.ai/,"San Francisco, CA",4,repo_known_org.csv
Idaho National Laboratory,https://github.com/idaholab,github.com,1,鲲鹏,Moose Framework,HPC,,Open Source Software From Idaho National Laboratory,https://inl.gov,"Idaho, US",159,repo_known_org.csv
Istio,https://github.com/istio,github.com,1,鲲鹏,lstio,虚拟化,,"Connect, secure, control, and observe services.",https://istio.io,,41,repo_known_org.csv
JD.com,https://github.com/jd-opensource,github.com,1,昇腾,xllm,推理加速,,JD Open Source,https://www.jdcloud.com,China,116,repo_known_org.csv
JGI (DOE),https://jgi.doe.gov,,1,鲲鹏,Meraculous,HPC,,,,,0,repo_unknown_org.csv
JUnit,https://github.com/junit-team,github.com,1,鲲鹏,JUnit,基础库&加速库,,The programmer-friendly testing framework for Java and the JVM,https://junit.org,,18,repo_known_org.csv
Jefferson Lab,https://github.com/JeffersonLab,github.com,1,鲲鹏,Chroma,HPC,,,http://www.jlab.org/,,674,repo_known_org.csv
Jenkins,https://github.com/jenkinsci,github.com,1,鲲鹏,Jenkins,基础库&加速库,,Jenkins is an open source automation server with an unparalleled plugin ecosystem to support practically every tool as part of your delivery pipelines,www.jenkins.io,United States of America,2731,repo_known_org.csv
KServe,https://github.com/kserve,github.com,1,昇腾,Kserver,推理加速,,"Standardized Distributed Generative and Predictive AI Inference Platform for Scalable, Multi-Framework Deployment on Kubernetes",https://kserve.github.io/website,,15,repo_known_org.csv
Karypis Lab @ UMN-CS&E,https://github.com/KarypisLab,github.com,1,鲲鹏,Metis,基础库&加速库,,Used to distribute software developed by Prof. George Karypis' research group,https://karypis.github.io/,"Minneapolis, MN, 55455",11,repo_known_org.csv
Kata Containers,https://github.com/kata-containers,github.com,1,鲲鹏,kata-containers(京东/腾讯),虚拟化,,"The speed of containers, the security of VMs",https://katacontainers.io,,32,repo_known_org.csv
"Kitware, Inc.",https://github.com/kitware,github.com,1,鲲鹏,CMake,基础库&加速库,,"Kitware develops software for web visualization, data storage, build system generation, infovis, media analysis, biomedical inquiry, cloud computing and more.",https://www.kitware.com,,275,repo_known_org.csv
Kokkos,https://github.com/kokkos,github.com,1,鲲鹏,kokkos,基础库&加速库,,Kokkos C++ Performance Portability Programming Ecosystem,https://kokkos.org,,32,repo_known_org.csv
Kong,https://github.com/kong,github.com,1,鲲鹏,Kong,基础库&加速库,,Powering the API world. No AI without APIs.,https://konghq.com,San Francisco,567,repo_known_org.csv
Kubeflow,https://github.com/kubeflow,github.com,1,鲲鹏,kubeflow(字节),虚拟化,,"Kubeflow is an open, community driven project to make it easy to deploy and manage an ML stack on Kubernetes",https://kubeflow.org,,47,repo_known_org.csv
LAMMPS Developers,https://github.com/lammps,github.com,1,鲲鹏,Lammps,HPC,,Development of the LAMMPS Molecular Dynamics Simulator and Related Projects,https://www.lammps.org,United States of America,13,repo_known_org.csv
LINBIT,https://github.com/linbit,github.com,1,鲲鹏,DRBD,分布式存储,,,http://www.linbit.com,"Vienna, Austria/Beaverton, OR",91,repo_known_org.csv
LMCache,https://github.com/LMCache,github.com,1,昇腾,LMCache,推理加速,,,,,20,repo_known_org.csv
LMSYS,https://github.com/lm-sys,github.com,1,昇腾,FastChat,推理加速,,Large Model Systems Organization,,,5,repo_known_org.csv
LanceDB,https://github.com/lancedb,github.com,1,鲲鹏,Lance（字节）,大数据,,,https://lancedb.com/,United States of America,46,repo_known_org.csv
LangChain,https://github.com/langchain-ai,github.com,1,鲲鹏,LangGraph(移动),搜广推,,,https://www.langchain.com,United States of America,235,repo_known_org.csv
LangGenius,https://github.com/langgenius,github.com,1,昇腾,Dify,应用加速,,Dify is an LLMOps platform that helps you build GPT-based applications easily and intuitively.,https://dify.ai,,27,repo_known_org.csv
Lapack,https://github.com/reference-lapack,github.com,1,鲲鹏,lapack,基础库&加速库,,LAPACK Linear Algebra PACKage,http://www.netlib.org/lapack,,4,repo_known_org.csv
LatticeQCD,https://github.com/LatticeQCD,github.com,1,鲲鹏,RHMC,HPC,,,,,3,repo_known_org.csv
Libvirt Virtualization API Project (Automated readonly mirror),https://github.com/libvirt,github.com,1,鲲鹏,libvirt,虚拟化,,This is an automated read-only mirror of the libvirt project. The master repositories accepting merge requests and issue reports are hosted on GitLab,https://gitlab.com/libvirt/,,49,repo_known_org.csv
LinkedIn,https://github.com/linkedin,github.com,1,昇腾,Liger-Kernel,训练加速,,,https://engineering.linkedin.com,"Sunnyvale, CA, USA",136,repo_known_org.csv
Linux Kernel,https://git.kernel.org,,1,鲲鹏,KVM,虚拟化,,,,,0,repo_unknown_org.csv
Linux Kernel,https://github.com/torvalds/linux,github.com,1,鲲鹏,LVS,Web,,,,,0,repo_unknown_org.csv
Linux Mint,https://github.com/linuxmint,github.com,1,鲲鹏,NEMO,HPC,,https://www.linuxmint.com,https://linuxmint-developer-guide.readthedocs.io,,157,repo_known_org.csv
LizardFS,https://github.com/lizardfs,github.com,1,鲲鹏,LizardFS,分布式存储,,,https://lizardfs.org,Poland,6,repo_known_org.csv
Lua,https://github.com/lua,github.com,1,鲲鹏,Lua,基础库&加速库,,,https://www.lua.org/,,4,repo_known_org.csv
MACS3 project team,https://github.com/macs3-project,github.com,1,鲲鹏,MACS3,HPC,,Working group on MACS version 3,,,9,repo_known_org.csv
MFEM,https://github.com/mfem,github.com,1,鲲鹏,mfem,HPC,,"a lightweight, general, scalable C++ library for finite element methods",https://mfem.org,Lawrence Livermore National Laboratory,12,repo_known_org.csv
MNE tools for MEG and EEG data analysis,https://github.com/mne-tools,github.com,1,鲲鹏,MNE-python,HPC,,,http://mne.tools,,47,repo_known_org.csv
MOPAC,https://github.com/openmopac,github.com,1,鲲鹏,MOPAC,HPC,,Molecular Orbital PACkage,openmopac.github.io,,14,repo_known_org.csv
MPI for Python,https://github.com/mpi4py,github.com,1,鲲鹏,mpi4py,基础库&加速库,,Python bindings for MPI,,,7,repo_known_org.csv
MRtrix3,https://github.com/MRtrix3,github.com,1,鲲鹏,Mrtrix,HPC,,"Tools for advanced diffusion MRI analyses, including spherical deconvolution and tractography",https://www.mrtrix.org,,20,repo_known_org.csv
MariaDB,https://github.com/mariadb,github.com,1,鲲鹏,MariaDB,数据库,,The open source relational database,https://mariadb.org/,,31,repo_known_org.csv
Mesa,https://github.com/mesa3d,github.com,1,鲲鹏,Mesa,ARM应用支持,,Mesa 3D graphics library,https://mesa3d.org,,1,repo_known_org.csv
Mesa,https://gitlab.freedesktop.org/mesa,gitlab.freedesktop.org,1,鲲鹏,libdrm,ARM应用支持,,,,,0,repo_unknown_org.csv
Meta PyTorch,https://github.com/meta-pytorch,github.com,1,昇腾,torchtune,训练加速,,,https://pytorch.org,,54,repo_known_org.csv
Meta Research,https://github.com/facebookresearch,github.com,1,鲲鹏,Faiss(美团),搜广推,,,https://opensource.fb.com,"Menlo Park, California",1367,repo_known_org.csv
MinIO,https://github.com/minio,github.com,1,鲲鹏,MinIO,分布式存储,,"MinIO is a high-performance, S3 compatible object storage.",https://min.io,United States of America,128,repo_known_org.csv
Mirrors of opendev.org/openstack,https://github.com/openstack,github.com,1,鲲鹏,OpenStack,虚拟化,,Read-only mirrors of all OpenStack code repositories (hosted at https://opendev.org/openstack by the OpenStack community),https://opendev.org/openstack,,670,repo_known_org.csv
Model Context Protocol,https://github.com/modelcontextprotocol,github.com,1,昇腾,MCP,应用加速,,An open protocol that enables seamless integration between LLM applications and external data sources and tools.,https://modelcontextprotocol.io,,39,repo_known_org.csv
ModelTC,https://github.com/ModelTC,github.com,1,昇腾,LightX2V,推理加速,,https://light-ai.top/,,,72,repo_known_org.csv
Molcas,https://github.com/Molcas,github.com,1,鲲鹏,OpenMolcas,HPC,,,,,1,repo_known_org.csv
MooseFS Distributed Storage • Distributed File System • Software-Defined Storage,https://github.com/moosefs,github.com,1,鲲鹏,MooseFS,分布式存储,,"MooseFS is Open Source, fault-tolerant, highly available and performing, scaling-out, petabyte Distributed Storage / Network Distributed File System / SDS",https://moosefs.com,,6,repo_known_org.csv
MySQL,https://github.com/mysql,github.com,1,鲲鹏,MySQL,数据库,,Oracle Corporation,http://dev.mysql.com/,,23,repo_known_org.csv
Mzanzi Open Source Solutions,https://github.com/distrotech,github.com,1,鲲鹏,Gzip,基础库&加速库,,,http://www.mzanziopensource.co.za,,976,repo_known_org.csv
NBIS - National Bioinformatics Infrastructure Sweden,https://github.com/nbisweden,github.com,1,鲲鹏,mrbayes,HPC,,"NBIS is a distributed national bioinformatics infrastructure, supporting life sciences in Sweden.",https://nbis.se,Sweden,365,repo_known_org.csv
NSF National Center for Atmospheric Research,https://github.com/NCAR,github.com,1,鲲鹏,NCL,HPC,,NSF NCAR is sponsored by the U.S. National Science Foundation and managed by the University Corporation for Atmospheric Research.,http://ncar.ucar.edu,"Boulder, CO",1178,repo_known_org.csv
NSF Unidata,https://github.com/Unidata,github.com,1,鲲鹏,udunits,基础库&加速库,,"Our mission is to transform the geosciences community, research, and education by providing innovative data services and tools.",https://www.unidata.ucar.edu/,"Boulder, Colorado, USA",141,repo_known_org.csv
Nagios Enterprises,https://github.com/nagiosenterprises,github.com,1,鲲鹏,Nagios,Web,,,https://www.nagios.com,,19,repo_known_org.csv
National Biomedical Computation Resource,https://github.com/nbcrrolls,github.com,1,鲲鹏,NAMD,HPC,,,http://nbcr.ucsd.edu,"University of California, San Diego",43,repo_known_org.csv
Neo4j,https://github.com/neo4j,github.com,1,鲲鹏,Neo4j,数据库,,,http://neo4j.com/,,94,repo_known_org.csv
Nextcloud,https://github.com/nextcloud,github.com,1,鲲鹏,Docker,虚拟化,,"📱☁️💻 A safe home for all your data – community-driven, free & open source 👏",https://nextcloud.com,Worldwide,364,repo_known_org.csv
Node.js,https://github.com/nodejs,github.com,1,鲲鹏,Node.js,Web,,,https://nodejs.org,,231,repo_known_org.csv
NumPy,https://github.com/numpy,github.com,1,鲲鹏,Numpy,基础库&加速库,,,http://www.numpy.org/,,33,repo_known_org.csv
O3DE,https://github.com/o3de,github.com,1,鲲鹏,O3DE,虚拟化,,,https://o3de.org,,64,repo_known_org.csv
ObsPy,https://github.com/obspy,github.com,1,鲲鹏,ObsPy,基础库&加速库,,,https://github.com/obspy/obspy/wiki,,22,repo_known_org.csv
OceanBase,https://github.com/oceanbase,github.com,1,鲲鹏,OceanBase,数据库,,"The Fastest Distributed Database for Transactional, Analytical, and  AI Workloads",https://en.oceanbase.com/,Singapore,118,repo_known_org.csv
Ollama,https://github.com/ollama,github.com,1,昇腾,Ollama,推理加速,,,https://ollama.com,,3,repo_known_org.csv
Open Babel,https://github.com/openbabel,github.com,1,鲲鹏,openbabel,HPC,,Interconverting chemical data since 2001,http://openbabel.org/,The Internet,10,repo_known_org.csv
Open Information Security Foundation,https://github.com/OISF,github.com,1,鲲鹏,Suricata,基础库&加速库,,The Open Information Security Foundation manages Suricata IDS development.,https://www.oisf.net,world,7,repo_known_org.csv
OpenCV,https://github.com/opencv,github.com,1,昇腾,OpenCV,推理加速,,,https://opencv.org,,17,repo_known_org.csv
OpenCloudOS,https://github.com/OpenCloudOS,github.com,1,鲲鹏,OpenCloudOS(腾讯),虚拟化,,,,,30,repo_known_org.csv
OpenCompass,https://github.com/open-compass,github.com,1,昇腾,opencompass,推理加速,,,opencompass.org.cn,China,47,repo_known_org.csv
OpenFOAM,https://github.com/OpenFOAM,github.com,1,鲲鹏,OpenFOAM,HPC,,,,,0,repo_unknown_org.csv
OpenGene - Open Source Genomics Toolbox,https://github.com/OpenGene,github.com,1,鲲鹏,fastp,HPC,,Open source tools for NGS data analysis,,,31,repo_known_org.csv
OpenHPC,https://github.com/openhpc,github.com,1,鲲鹏,OpenHPC,HPC,,,https://openhpc.community/,,5,repo_known_org.csv
OpenJDK,https://github.com/openjdk,github.com,1,鲲鹏,OpenJDK,基础库&加速库,,,https://openjdk.org,,135,repo_known_org.csv
OpenLB (KIT),https://www.openlb.net,,1,鲲鹏,OpenLB,HPC,,,,,0,repo_unknown_org.csv
OpenMathLib,https://github.com/OpenMathLib,github.com,1,鲲鹏,OpenBLAS,基础库&加速库,,,,,0,repo_unknown_org.csv
OpenRLHF,https://github.com/OpenRLHF,github.com,1,昇腾,OpenRLHF,训练加速,,Open-sourced Reinforcment Learning from Human Feedback,,,3,repo_known_org.csv
OpenSSL,https://github.com/openssl,github.com,1,鲲鹏,openssl(美团),基础库&加速库,,OpenSSL,https://www.openssl.org,,18,repo_known_org.csv
OpenXLA,https://github.com/openxla,github.com,1,昇腾,OpenXLA,推理加速,,"A community-driven, open source ML compiler ecosystem, using the best of XLA & MLIR.",,,9,repo_known_org.csv
OrientDB,https://github.com/orientechnologies,github.com,1,鲲鹏,OrientDB,数据库,,OrientDB multi model transactional DBMS community ,https://orientdb.dev,"London, UK",51,repo_known_org.csv
Orocos Developers,https://github.com/orocos-toolchain,github.com,1,鲲鹏,log4cpp,基础库&加速库,,,www.orocos.org,Worldwide,19,repo_known_org.csv
PCRE2 Project,https://github.com/pcre2project,github.com,1,鲲鹏,pcre,基础库&加速库,,PCRE2 - Perl-Compatible Regular Expressions,,,2,repo_known_org.csv
PaddlePaddle,https://github.com/PaddlePaddle,github.com,1,鲲鹏,PaddlePaddle,搜广推,,,http://paddlepaddle.org,,107,repo_known_org.csv
Papenfuss Lab,https://github.com/papenfusslab,github.com,1,鲲鹏,GRIDSS,HPC,,Walter and Eliza Hall Institute of Medical Research,https://papenfusslab.org/,"Melbourne, Australia",43,repo_known_org.csv
Percona,https://github.com/percona,github.com,1,鲲鹏,Percona(字节),数据库,,,https://percona.com/software,,203,repo_known_org.csv
PingCAP,https://github.com/pingcap,github.com,1,鲲鹏,TiDB,数据库,,"The team behind TiDB TiKV, an open source MySQL compatible HTAP database",https://pingcap.com,,165,repo_known_org.csv
Portable Extensible Toolkit for Scientific computing,https://github.com/petsc,github.com,1,鲲鹏,PETSc,基础库&加速库,,PETSc is a suite of composable data structures and algorithms for scalable (parallel) solution of scientific applications modeled by PDEs.,http://mcs.anl.gov/petsc,,18,repo_known_org.csv
PostgreSQL,https://github.com/postgres,github.com,1,鲲鹏,PostgreSQL,数据库,,,https://www.postgresql.org/,Worldwide,5,repo_known_org.csv
Presto,https://github.com/prestodb,github.com,1,鲲鹏,Presto,大数据,,Distributed SQL query engine for big data,http://prestodb.io,Linux Foundation,74,repo_known_org.csv
Primer3-org,https://github.com/primer3-org,github.com,1,鲲鹏,Primer3,HPC,,"The home of Primer3, Primer3Plus and Primer3Web",primer3.org,,6,repo_known_org.csv
Project Calico,https://github.com/projectcalico,github.com,1,鲲鹏,Calico,虚拟化,,"Highly scalable networking, security, and observability for Kubernetes and more!",http://www.projectcalico.org/,,77,repo_known_org.csv
Prometheus,https://github.com/prometheus,github.com,1,鲲鹏,Prometheus,虚拟化,,,https://prometheus.io,,56,repo_known_org.csv
Protocol Buffers,https://github.com/protocolbuffers,github.com,1,鲲鹏,Protobuf,基础库&加速库,,"A language-neutral, platform-neutral extensible mechanism for serializing structured data.",https://developers.google.com/protocol-buffers/,,15,repo_known_org.csv
PyG,https://github.com/pyg-team,github.com,1,昇腾,pyg,训练加速,,Graph Neural Network Library for PyTorch,https://pyg.org,Germany,5,repo_known_org.csv
Python Cryptographic Authority,https://github.com/pyca,github.com,1,鲲鹏,bcrypt,基础库&加速库,,,,,7,repo_known_org.csv
QEMU,https://github.com/qemu,github.com,1,鲲鹏,QEMU,虚拟化,,,http://www.qemu.org,,28,repo_known_org.csv
QGIS,https://github.com/qgis,github.com,1,鲲鹏,qgis,基础库&加速库,,,http://qgis.org/,Global,67,repo_known_org.csv
QMCPACK,https://github.com/QMCPACK,github.com,1,鲲鹏,QMCPACK,HPC,,"Open-source many-body ab initio Quantum Monte Carlo code for computing the electronic structure of atoms, molecules, and solids.",http://www.qmcpack.org,,17,repo_known_org.csv
Quantum Package,https://github.com/QuantumPackage,github.com,1,鲲鹏,Quantum Package,HPC,,A programming environment for wave function methods,https://quantumpackage.github.io/qp2/,,5,repo_known_org.csv
Quartz Job Scheduler,https://github.com/quartz-scheduler,github.com,1,鲲鹏,Quartz,基础库&加速库,,"A full-featured, Java-based, In-process job scheduler.",http://www.quartz-scheduler.org,,5,repo_known_org.csv
RBC-UKQCD,https://github.com/RBC-UKQCD,github.com,1,鲲鹏,CPS,HPC,,,,,4,repo_known_org.csv
RDKit,https://github.com/rdkit,github.com,1,鲲鹏,RDKit,HPC,,,https://www.rdkit.org,,43,repo_known_org.csv
ROOT,https://github.com/root-project,github.com,1,鲲鹏,ROOT,HPC,,A modular scientific software framework,https://root.cern,"Geneva, Switzerland",44,repo_known_org.csv
RabbitMQ,https://github.com/rabbitmq,github.com,1,鲲鹏,RabbitMQ,基础库&加速库,,,https://rabbitmq.com,Worldwide,254,repo_known_org.csv
Reference-ScaLAPACK,https://github.com/Reference-ScaLAPACK,github.com,1,鲲鹏,SCALAPACK,基础库&加速库,,,,,2,repo_known_org.csv
Regional Ocean Modeling System (ROMS),https://github.com/myroms,github.com,1,鲲鹏,ROMS,HPC,,,https://www.myroms.org/wiki,United States of America,7,repo_known_org.csv
SCons Project,https://github.com/scons,github.com,1,鲲鹏,SCons,基础库&加速库,,,http://scons.org,,14,repo_known_org.csv
SIMD Everywhere,https://github.com/simd-everywhere,github.com,1,鲲鹏,simde（美团）,基础库&加速库,,,,,7,repo_known_org.csv
SONiC,https://github.com/sonic-net,github.com,1,鲲鹏,sonic-cpp(互联网),基础库&加速库,,Software for Open Networking in the Cloud (SONiC),https://sonicfoundation.dev/,,47,repo_known_org.csv
SU2 code,https://github.com/su2code,github.com,1,鲲鹏,SU2,HPC,,SU2 is a suite of open-source software tools for the numerical solution of Computational Fluid Dynamics problems (including design),https://su2foundation.org,Netherlands,13,repo_known_org.csv
SVseq2 (SourceForge),https://sourceforge.net/projects/svseq2,,1,鲲鹏,SVseq2,HPC,,,,,0,repo_unknown_org.csv
SWAN (TU Delft),https://swanmodel.sourceforge.io,,1,鲲鹏,SWAN,HPC,,,,,0,repo_unknown_org.csv
SchedMD,https://github.com/SchedMD,github.com,1,鲲鹏,slurm,基础库&加速库,,SchedMD - The Slurm Company,https://www.schedmd.com,"Lehi, UT, USA",3,repo_known_org.csv
SeisSol,https://github.com/SeisSol,github.com,1,鲲鹏,SeisSol,HPC,,,http://www.seissol.org/,,24,repo_known_org.csv
Sheepdog,https://github.com/sheepdog,github.com,1,鲲鹏,Sheepdog,分布式存储,,,http://sheepdog.github.io/sheepdog/,,8,repo_known_org.csv
ShiLab-Bioinformatics,https://github.com/ShiLab-Bioinformatics,github.com,1,鲲鹏,featureCounts,HPC,,,,,0,repo_unknown_org.csv
Slicer,https://github.com/slicer,github.com,1,鲲鹏,3DSlicer,HPC,,"Multi-platform, free and open source software package for visualization and medical image computing.",https://slicer.org, Worldwide,105,repo_known_org.csv
Snort 3.0 Team,https://github.com/snort3,github.com,1,鲲鹏,Snort,基础库&加速库,,,,,6,repo_known_org.csv
SoftSV (SourceForge),https://sourceforge.net/projects/softsv,,1,鲲鹏,SoftSV,HPC,,,,,0,repo_unknown_org.csv
Spack,https://github.com/spack,github.com,1,鲲鹏,SPACK,基础库&加速库,,"A flexible package manager that supports multiple versions, configurations, platforms, and compilers.",https://spack.io,,74,repo_known_org.csv
Spanish National Bioinformatics Institute,https://github.com/inab,github.com,1,鲲鹏,trimal,HPC,,"Alfonso Valencia | BSC, ICREA, INB Director - Salvador Capella-Gutierrez | BSC, INB CTO",https://inb-elixir.es,Spain,229,repo_known_org.csv
Sphinx,https://github.com/sphinx-doc,github.com,1,鲲鹏,Sphinx,基础库&加速库,,Sphinx makes it easy to create intelligent and beautiful documentation,https://www.sphinx-doc.org,,23,repo_known_org.csv
Squid,https://github.com/squid-cache,github.com,1,鲲鹏,Squid,Web,,"Squid Web Cache, a flexible HTTP, HTTPS, FTP (and other) proxy",http://www.squid-cache.org/,Virtual,7,repo_known_org.csv
StarRocks,https://github.com/starrocks,github.com,1,鲲鹏,starrocks(腾讯),大数据,,,www.starrocks.io,,47,repo_known_org.csv
Steinegger Lab,https://github.com/steineggerlab,github.com,1,鲲鹏,Foldseek,HPC,,Steinegger Lab Github repositories,steineggerlab.com,"Korea, South",35,repo_known_org.csv
Storage Performance Development Kit,https://github.com/spdk,github.com,1,鲲鹏,SPDK,基础库&加速库,,,https://spdk.io,,14,repo_known_org.csv
Swagger,https://github.com/swagger-api,github.com,1,鲲鹏,Swagger UI,基础库&加速库,,,http://swagger.io,,37,repo_known_org.csv
TDengine,https://github.com/taosdata,github.com,1,鲲鹏,TDengine,大数据,,"High-performance, scalable time-series database for Industrial IoT",https://tdengine.com,United States of America,67,repo_known_org.csv
Taskflow,https://github.com/taskflow,github.com,1,鲲鹏,taskflow(字节),基础库&加速库,,A General-purpose Task-parallel Programming System in C++,https://taskflow.github.io,United States of America,8,repo_known_org.csv
Tencent,https://github.com/Tencent,github.com,1,鲲鹏,rapidjson(字节/腾讯),基础库&加速库,,,https://opensource.tencent.com,"Shenzhen, China",245,repo_known_org.csv
The Apptainer Container Project,https://github.com/apptainer,github.com,1,鲲鹏,apptainer,基础库&加速库,,,http://www.apptainer.org,,12,repo_known_org.csv
The Chromium Project,https://github.com/chromium,github.com,1,鲲鹏,chromium,Web,,,https://chromium.org/,Mountain View,39,repo_known_org.csv
The Eddy/Rivas Laboratory,https://github.com/eddyrivaslab,github.com,1,鲲鹏,HMMER,HPC,,"Computational genome sequence analysis, especially of RNA",http://eddylab.org,Harvard University,14,repo_known_org.csv
The Mantevo Performance Co-design Project,https://github.com/Mantevo,github.com,1,鲲鹏,miniGhost,HPC,,Enabling performance design space exploration for HPC,https://mantevo.org,,13,repo_known_org.csv
The Milvus Project,https://github.com/milvus-io,github.com,1,鲲鹏,Milvus,数据库,,The open source vector database designed for AI applications,https://milvus.io/,San Francisco,67,repo_known_org.csv
The Netty Project,https://github.com/netty,github.com,1,鲲鹏,Netty,基础库&加速库,,Opening the future of network programming since 2001,https://netty.io,,16,repo_known_org.csv
The Perl Programming Language,https://github.com/perl,github.com,1,鲲鹏,Perl,基础库&加速库,,,https://www.perl.org,Everywhere,8,repo_known_org.csv
The Ruby Programming Language,https://github.com/ruby,github.com,1,鲲鹏,Ruby,基础库&加速库,,Repositories related to the Ruby Programming language.,https://www.ruby-lang.org/,Japan,185,repo_known_org.csv
The Rust Programming Language,https://github.com/rust-lang,github.com,1,鲲鹏,rust（字节/腾讯）,基础库&加速库,,,https://www.rust-lang.org,United States of America,237,repo_known_org.csv
The Scala Programming Language,https://github.com/scala,github.com,1,鲲鹏,Scala,基础库&加速库,,,https://scala-lang.org,Switzerland,62,repo_known_org.csv
The ZeroMQ project,https://github.com/zeromq,github.com,1,鲲鹏,ZeroMQ,基础库&加速库,,,http://www.zeromq.org/,,87,repo_known_org.csv
The deepTools ecosystem,https://github.com/deeptools,github.com,1,鲲鹏,deeptools,HPC,,deepTools and related packages,,,13,repo_known_org.csv
TinkerTools,https://github.com/tinkertools,github.com,1,鲲鹏,Tinker,HPC,,"TinkerTools is a suite of software packages for molecular modeling & simulation. Visit our community website for users and developers at ""tinkertools.org"".",tinkertools.org,,12,repo_known_org.csv
Towhee,https://github.com/towhee-io,github.com,1,鲲鹏,Towhee,基础库&加速库,,Open source platform for generating embedding vectors.,https://towhee.io/,,9,repo_known_org.csv
Treangen Lab,https://github.com/treangenlab,github.com,1,鲲鹏,EMU,ARM应用支持,,Treangen Lab @ Rice University,www.treangenlab.com,United States of America,25,repo_known_org.csv
UCL Bioinformatics Group,https://github.com/psipred,github.com,1,鲲鹏,psipred,HPC,,UCL bioinformatics group repositories,http://bioinf.cs.ucl.ac.uk/psipred/,,51,repo_known_org.csv
Ultra Video Group,https://github.com/ultravideo,github.com,1,鲲鹏,vvenc(字节),ARM原生,,,https://ultravideo.fi/,"Tampere, Finland",29,repo_known_org.csv
Unsloth AI,https://github.com/unslothai,github.com,1,昇腾,unsolth,训练加速,,Run and train AI models locally. 🦥,https://unsloth.ai/,United States of America,9,repo_known_org.csv
VASP Software GmbH,https://www.vasp.at,,1,鲲鹏,VASP,HPC,,,,,0,repo_unknown_org.csv
Varnish Cache,https://github.com/varnishcache,github.com,1,鲲鹏,Varnish,Web,,,https://www.varnish-cache.org/,,10,repo_known_org.csv
Vchitect,https://github.com/Vchitect,github.com,1,昇腾,Vbench,推理加速,,,https://vchitect.intern-ai.org.cn/,,37,repo_known_org.csv
Vercel,https://github.com/vercel,github.com,1,鲲鹏,Next.js,基础库&加速库,,Develop. Preview. Ship. Creators of Next.js.,https://vercel.com,United States of America,230,repo_known_org.csv
VideoLAN,https://github.com/videolan,github.com,1,鲲鹏,X265,基础库&加速库,,VideoLAN: open source multimedia for everyone,https://www.videolan.org/,The internet,18,repo_known_org.csv
VideoLAN,https://www.videolan.org,,1,鲲鹏,X264,基础库&加速库,,,,,0,repo_unknown_org.csv
Volcengine,https://github.com/volcengine,github.com,1,昇腾,veRL,训练加速,,,https://www.volcengine.cn/,,191,repo_known_org.csv
Vue,https://github.com/vuejs,github.com,1,鲲鹏,Vue,基础库&加速库,,Your friendly JavaScript framework,https://vuejs.org,All Over the World,124,repo_known_org.csv
Wannier90 developers,https://github.com/wannier-developers,github.com,1,鲲鹏,Wannier90,基础库&加速库,,,http://www.wannier.org,,5,repo_known_org.csv
WeNet Community,https://github.com/wenet-e2e,github.com,1,昇腾,wenet,推理加速,,Production First and Production Ready End-to-End Speech Toolkit,https://wenet.org.cn/,"Beijing & Xian, China",23,repo_known_org.csv
Weather Source,https://github.com/weathersource,github.com,1,鲲鹏,grib_api,HPC,,,https://weathersource.com,US,35,repo_known_org.csv
WebM Project,https://github.com/webmproject,github.com,1,鲲鹏,libwebp(京东),ARM原生,,"A high-quality, open video format for the web that's freely available to everyone.",http://www.webmproject.org/,,25,repo_known_org.csv
WildFly,https://github.com/wildfly,github.com,1,鲲鹏,JBOSS,Web,,Producers of the WildFly Application Server,http://wildfly.org,,99,repo_known_org.csv
Wireshark Foundation,https://github.com/wireshark,github.com,1,鲲鹏,Wireshark,基础库&加速库,,The Wireshark Network Protocol Analyzer,https://wiresharkfoundation.org/,,6,repo_known_org.csv
Xinglab,https://github.com/xinglab,github.com,1,鲲鹏,rMATs,HPC,,"Center for Computational and Genomic Medicine, Children's Hospital of Philadelphia and University of Pennsylvania",https://xinglab.org/,,37,repo_known_org.csv
Xiph.Org Foundation,https://github.com/xiph,github.com,1,鲲鹏,Opus,ARM应用支持,,We develop free and open media codecs,https://xiph.org/,,36,repo_known_org.csv
aigw-project,https://github.com/aigw-project,github.com,1,昇腾,AIGW,推理加速,,,,,4,repo_known_org.csv
benson-genomics-lab,https://github.com/benson-genomics-lab,github.com,1,鲲鹏,trf,HPC,,,,,4,repo_known_org.csv
bioBakery,https://github.com/biobakery,github.com,1,鲲鹏,phylophlan,HPC,,"Software, documentation, and tutorials for microbial community profiling.",http://huttenhower.sph.harvard.edu/,,130,repo_known_org.csv
bioinformatics-centre,https://github.com/bioinformatics-centre,github.com,1,鲲鹏,BayesTyper,HPC,,,,,4,repo_known_org.csv
bitsandbytes collective,https://github.com/bitsandbytes-foundation,github.com,1,昇腾,bitsandbytes,推理加速,,,,,3,repo_known_org.csv
bminor,https://github.com/bminor,github.com,1,鲲鹏,Glibc,基础库&加速库,,,,,1,repo_known_org.csv
brpc,https://github.com/brpc,github.com,1,鲲鹏,brpc(美团),基础库&加速库,,brpc/brpc was moved to apache/incubator-brpc,,,1,repo_known_org.csv
ccp5,https://github.com/ccp5UK,github.com,1,鲲鹏,DL_POLY,HPC,,,https://ccp5.ac.uk,United Kingdom,6,repo_known_org.csv
code_saturne,https://github.com/code-saturne,github.com,1,鲲鹏,Code-Saturne,HPC,,code_saturne CFD tool developement team,code-saturne.org,,6,repo_known_org.csv
cole-trapnell-lab,https://github.com/cole-trapnell-lab,github.com,1,鲲鹏,Cufflinks,HPC,,,,,36,repo_known_org.csv
connor-lab,https://github.com/connor-lab,github.com,1,鲲鹏,VaPoR,HPC,,,,,25,repo_known_org.csv
containerd,https://github.com/containerd,github.com,1,鲲鹏,Containerd,虚拟化,,,containerd.io,,38,repo_known_org.csv
coze-dev,https://github.com/coze-dev,github.com,1,昇腾,Coze,应用加速,,Next-generation AI chatbot building platform. Quickly create bots without coding and publish them on various platforms,https://www.coze.com,,22,repo_known_org.csv
cubefs + Linux Kernel,https://github.com/cubefs/cubefs,github.com,1,鲲鹏,fuse,分布式存储,,,,,0,repo_unknown_org.csv
curl,https://github.com/curl,github.com,1,鲲鹏,curl,基础库&加速库,,groks those URLs,https://curl.se/,,24,repo_known_org.csv
dealii,https://github.com/dealii,github.com,1,鲲鹏,Deal.II,HPC,,,,,10,repo_known_org.csv
decodegenetics,https://github.com/decodegenetics,github.com,1,鲲鹏,Graphtyper2,HPC,,,,,31,repo_known_org.csv
deepseek-ai,https://github.com/deepseek-ai,github.com,1,"昇腾,鲲鹏",deepseek;deepseek-ai,"HPC,推理加速",https://github.com/deepseek-ai,,https://www.deepseek.com/,,32,"organization.csv,repo_known_org.csv"
deepspeedai,https://github.com/deepspeedai,github.com,1,昇腾,DeepSpeed,训练加速,,,,,6,repo_known_org.csv
delimitrou,https://github.com/delimitrou,github.com,1,鲲鹏,DeathStarBench(字节/腾讯),虚拟化,,,,,7,repo_known_org.csv
ebi-pf-team,https://github.com/ebi-pf-team,github.com,1,鲲鹏,interproscan,HPC,,,,,8,repo_known_org.csv
eigenteam,https://github.com/eigenteam,github.com,1,鲲鹏,Eigen(京东),搜广推,,,,,2,repo_known_org.csv
etcd-io,https://github.com/etcd-io,github.com,1,鲲鹏,etcd,数据库,,etcd Development and Communities,https://etcd.io,The Cloud,18,repo_known_org.csv
ezlab,https://gitlab.com/ezlab,gitlab.com,1,鲲鹏,BUSCO,HPC,,,,,0,repo_unknown_org.csv
ffmpeg,https://github.com/ffmpeg,github.com,1,鲲鹏,Ffmpeg,ARM应用支持,,,,,9,repo_known_org.csv
fluid-cloudnative,https://github.com/fluid-cloudnative,github.com,1,鲲鹏,fluid(字节),虚拟化,,,,,8,repo_known_org.csv
gadget-framework,https://github.com/gadget-framework,github.com,1,鲲鹏,GADGET-2,HPC,,,,,15,repo_known_org.csv
gcc-mirror,https://github.com/gcc-mirror,github.com,1,鲲鹏,gcc,基础库&加速库,,,,,1,repo_known_org.csv
genetics-statistics,https://github.com/genetics-statistics,github.com,1,鲲鹏,GEMMA,HPC,,,,,7,repo_known_org.csv
glean (SourceForge),https://sourceforge.net/projects/glean-gene,,1,鲲鹏,glean,HPC,,,,,0,repo_unknown_org.csv
gnuplot,https://github.com/gnuplot,github.com,1,鲲鹏,gnuplot,HPC,,,,,0,repo_unknown_org.csv
gperftools,https://github.com/gperftools,github.com,1,鲲鹏,gperftools,基础库&加速库,,,,,2,repo_known_org.csv
gulp,https://github.com/gulpjs,github.com,1,鲲鹏,gulp,基础库&加速库,,A toolkit to automate & enhance your workflow,https://gulpjs.com,,72,repo_known_org.csv
happyfish100,https://github.com/happyfish100,github.com,1,鲲鹏,FastDFS,分布式存储,,,,,0,repo_unknown_org.csv
iGEM/UCSD evolutionary biology and bioinformatics group,https://github.com/veg,github.com,1,鲲鹏,hyphy,HPC,,,http://lab.hyphy.org,Philadelphia,104,repo_known_org.csv
iem@kug,https://github.com/iem-projects,github.com,1,鲲鹏,ncview,HPC,,,http://iem.at,"Graz, Austria",32,repo_known_org.csv
inclusionai,https://github.com/inclusionAI,github.com,1,昇腾,Areal;inclusionAI,"推理加速,训练加速",https://github.com/inclusionAI,This organization contains the series of open-source projects from Ant Group with dedicated efforts to work towards Artificial General Intelligence (AGI).,https://inclusion-ai.org,,45,"organization.csv,repo_known_org.csv"
jax-ml,https://github.com/jax-ml,github.com,1,鲲鹏,Jax,HPC,,Pushing back the limits on numerical computing.,https://docs.jax.dev,,15,repo_known_org.csv
jemalloc memory allocator,https://github.com/jemalloc,github.com,1,鲲鹏,jemalloc,基础库&加速库,,,http://jemalloc.net/,,5,repo_known_org.csv
juicefs,https://github.com/juicefs,github.com,1,鲲鹏,JuiceFS(电信),分布式存储,,,,,0,repo_known_org.csv
k8snetworkplumbingwg,https://github.com/k8snetworkplumbingwg,github.com,1,鲲鹏,sriov-network-operato(快手/字节),虚拟化,,,,,42,repo_known_org.csv
kupferlauncher,https://github.com/kupferlauncher,github.com,1,鲲鹏,Binder,ARM应用支持,,"Kupfer, Application Launcher and Document Access for Linux",https://kupferlauncher.github.io/,,5,repo_known_org.csv
libeigen,https://gitlab.com/libeigen,gitlab.com,1,鲲鹏,Eigen,基础库&加速库,,,,,0,repo_unknown_org.csv
libevent,https://github.com/libevent,github.com,1,鲲鹏,Libevent,基础库&加速库,,,https://libevent.org,,7,repo_known_org.csv
libjpeg-turbo,https://github.com/libjpeg-turbo,github.com,1,鲲鹏,libjpeg-turbo,ARM应用支持,,SIMD-accelerated libjpeg-compatible JPEG codec library ,https://libjpeg-turbo.org,,12,repo_known_org.csv
linux-rdma,https://github.com/linux-rdma,github.com,1,鲲鹏,rdma-core,虚拟化,,Linux RDMA,https://patchwork.kernel.org/project/linux-rdma/list/,,7,repo_known_org.csv
llm-d,https://github.com/llm-d,github.com,1,昇腾,llm-d,推理加速,,llm-d enables high performance distributed inference in production on Kubernetes,https://llm-d.ai,United States of America,16,repo_known_org.csv
lustre,https://github.com/lustre,github.com,1,鲲鹏,Lustre,分布式存储,,,,,0,repo_unknown_org.csv
lz4,https://github.com/lz4,github.com,1,鲲鹏,LZ4,基础库&加速库,,,,,2,repo_known_org.csv
meituan,https://github.com/meituan,github.com,1,"昇腾,鲲鹏",MTGR;newpfordelta(美团),"应用加速,搜广推",https://github.com/meituan,,,,0,"organization.csv,repo_unknown_org.csv"
memcached community,https://github.com/memcached,github.com,1,鲲鹏,Memcached,Web,,,http://memcached.org/,,11,repo_known_org.csv
meteorhacks,https://github.com/meteorhacks,github.com,1,鲲鹏,npm,基础库&加速库,,,,,75,repo_known_org.csv
milc-qcd,https://github.com/milc-qcd,github.com,1,鲲鹏,MILC,HPC,,,,,6,repo_known_org.csv
mlfoundations,https://github.com/mlfoundations,github.com,1,昇腾,openclip,推理加速,,,https://people.csail.mit.edu/ludwigs/,,35,repo_known_org.csv
mongodb,https://github.com/mongodb,github.com,1,鲲鹏,MongoDB,数据库,,,http://www.mongodb.com/,United States of America,299,repo_known_org.csv
mummer4,https://github.com/mummer4,github.com,1,鲲鹏,mummer,HPC,,,,,2,repo_known_org.csv
musl-libc,https://musl.libc.org,,1,鲲鹏,musl,ARM应用支持,,,,,0,repo_unknown_org.csv
netCDF Operators,https://github.com/nco,github.com,1,鲲鹏,NCO,HPC,,,,,8,repo_known_org.csv
netdata,https://github.com/netdata,github.com,1,鲲鹏,Netdata,基础库&加速库,,,https://www.netdata.cloud,USA,74,repo_known_org.csv
nginx,https://github.com/nginx,github.com,1,鲲鹏,Nginx,Web,,Home of NGINX and related open source projects,https://nginx.org/,,60,repo_known_org.csv
nmslib,https://github.com/nmslib,github.com,1,鲲鹏,hnswlib(美团),搜广推,,,,,2,repo_known_org.csv
ntop,https://github.com/ntop,github.com,1,鲲鹏,nDPI,基础库&加速库,,Open source network traffic monitoring software: http://t.me/ntop_community,http://www.ntop.org,Europe,24,repo_known_org.csv
nwchemgit,https://github.com/nwchemgit,github.com,1,鲲鹏,Nwchem,HPC,,,,,0,repo_unknown_org.csv
oVirt,https://github.com/ovirt,github.com,1,鲲鹏,Ovirt,虚拟化,,Open Virtual Datacenter,https://ovirt.org,worldwide,178,repo_known_org.csv
oneAPI-SRC,https://github.com/oneapi-src,github.com,1,鲲鹏,onednn(京东),搜广推,,oneAPI open source projects,https://oneapi.com,Hillsboro OR,51,repo_known_org.csv
open-mpi,https://github.com/open-mpi,github.com,1,鲲鹏,openMPI,HPC,,,,,0,repo_unknown_org.csv
openEuler (OpenAtom Foundation),https://gitee.com/openeuler,gitee.com,1,鲲鹏,Stratovirt;iSula,虚拟化,,,,,0,repo_unknown_org.csv
opencurve,https://github.com/opencurve,github.com,1,鲲鹏,CURVE,分布式存储,,,,,29,repo_known_org.csv
openvelinux,https://github.com/openvelinux,github.com,1,鲲鹏,openvelinux(字节),虚拟化,,,,,15,repo_known_org.csv
openvswitch,https://github.com/openvswitch,github.com,1,鲲鹏,Open vSwitch,虚拟化,,,,,8,repo_known_org.csv
pandas,https://github.com/pandas-dev,github.com,1,鲲鹏,pandas（携程）,大数据,,Powerful data manipulation tools for Python,http://pandas.pydata.org,,16,repo_known_org.csv
parafem,https://github.com/parafem,github.com,1,鲲鹏,paraFEM,HPC,,,,,5,repo_known_org.csv
php.net,https://github.com/php,github.com,1,鲲鹏,PHP,基础库&加速库,,PHP is a popular general-purpose scripting language that is especially suited to web development,https://www.php.net,,151,repo_known_org.csv
plumed,https://github.com/plumed,github.com,1,鲲鹏,plumed,基础库&加速库,,,www.plumed.org,,58,repo_known_org.csv
popgenmethods,https://github.com/popgenmethods,github.com,1,鲲鹏,smcpp,HPC,,Statistical methods for population genetic analysis,,"University of California, Berkeley",12,repo_known_org.csv
posit-pbc,https://github.com/posit-pbc,github.com,1,鲲鹏,R,基础库&加速库,,,,,0,repo_unknown_org.csv
psi4,https://github.com/psi4,github.com,1,鲲鹏,PSI,HPC,,,http://psicode.org,,26,repo_known_org.csv
pysam-developers,https://github.com/pysam-developers,github.com,1,鲲鹏,pysam,HPC,,,,,3,repo_known_org.csv
qnap-dev,https://github.com/qnap-dev,github.com,1,鲲鹏,QDK,基础库&加速库,,,,,13,repo_known_org.csv
rabitq,https://github.com/rabitq,github.com,1,鲲鹏,RabitQ(字节),搜广推,,,,,0,repo_known_org.csv
ranger,https://github.com/ranger,github.com,1,鲲鹏,Ranger,大数据,,,https://ranger.fm,,5,repo_known_org.csv
rsyslog and closely related libraries,https://github.com/rsyslog,github.com,1,鲲鹏,Rsyslog,基础库&加速库,,OFFICIAL rsyslog repositories @ github,http://www.rsyslog.com,,22,repo_known_org.csv
satijalab,https://github.com/satijalab,github.com,1,鲲鹏,Seurat,HPC,,,https://satijalab.org,,26,repo_known_org.csv
scikit-learn,https://github.com/scikit-learn,github.com,1,鲲鹏,SKLearn,基础库&加速库,,Repositories related to the scikit-learn Python machine learning library.,http://scikit-learn.org,,16,repo_known_org.csv
scverse,https://github.com/scverse,github.com,1,鲲鹏,scanpy,HPC,,Foundational tools for omics data in the life sciences,https://scverse.org,,78,repo_known_org.csv
seaweedfs,https://github.com/seaweedfs,github.com,1,鲲鹏,SeaweedFS,分布式存储,,,,,0,repo_unknown_org.csv
siesta-project,https://gitlab.com/siesta-project,gitlab.com,1,鲲鹏,siesta,HPC,,,,,0,repo_unknown_org.csv
simdjson,https://github.com/simdjson,github.com,1,鲲鹏,simdjson(美团),基础库&加速库,,Parsing gigabytes of JSON per second ,https://arxiv.org/abs/1902.08318,,23,repo_known_org.csv
simpleitk,https://github.com/simpleitk,github.com,1,鲲鹏,SimpleITK,HPC,,,,,25,repo_known_org.csv
sqlite (Hwaci),https://github.com/sqlite,github.com,1,鲲鹏,SQLite,数据库,,,,,0,repo_unknown_org.csv
strongSwan,https://github.com/strongswan,github.com,1,鲲鹏,Strongswan,虚拟化,,,https://strongswan.org,,12,repo_known_org.csv
tesseract-ocr,https://github.com/tesseract-ocr,github.com,1,鲲鹏,Tesseract,基础库&加速库,,Tesseract OCR,https://github.com/tesseract-ocr/,,14,repo_known_org.csv
thudm,https://github.com/THUDM,github.com,1,昇腾,Slime;THUDM,"推理加速,训练加速",https://github.com/THUDM,"ChatGLM, GLM-4, CogVLM, CodeGeeX, CogView, ImageReward, CogVideoX | CogDL, GraphMAE, AMiner | Zhipu.ai (Z.ai) & Knowledge Engineering Group (KEG)",https://huggingface.co/THUDM,"FIT Building, Tsinghua University",127,"organization.csv,repo_known_org.csv"
tianocore,https://github.com/tianocore,github.com,1,鲲鹏,edk2,基础库&加速库,,,http://www.tianocore.org,,34,repo_known_org.csv
tile-ai,https://github.com/tile-ai,github.com,1,昇腾,TileLang,算子库和编程,,Enabling Lightning-Fast AI Workloads Development via Tiling,,,18,repo_known_org.csv
tornadoweb,https://github.com/tornadoweb,github.com,1,鲲鹏,Tornado,基础库&加速库,,,,,1,repo_known_org.csv
trinityrnaseq,https://github.com/trinityrnaseq,github.com,1,鲲鹏,Trinity,HPC,,,,,47,repo_known_org.csv
triton-lang,https://github.com/triton-lang,github.com,1,昇腾,Triton,算子库和编程,,,,,8,repo_known_org.csv
unigespc,https://gitlab.com/unigespc,gitlab.com,1,鲲鹏,PALABOS,HPC,,,,,0,repo_unknown_org.csv
usadellab,https://github.com/usadellab,github.com,1,鲲鹏,trimmomatic,HPC,,,,,28,repo_known_org.csv
xdit-project,https://github.com/xdit-project,github.com,1,昇腾,xDiT,推理加速,,,,,7,repo_known_org.csv
yambo-code,https://github.com/yambo-code,github.com,1,鲲鹏,Yambo,HPC,,,,,0,repo_unknown_org.csv
zlib-ng,https://github.com/zlib-ng,github.com,1,鲲鹏,zlib-ng,基础库&加速库,,,,,6,repo_known_org.csv
Šikić lab,https://github.com/lbcb-sci,github.com,1,鲲鹏,GRAPHMAP,HPC,,A computational group with a focus on the development of new algorithms and AI models for the analysis of DNA and RNA sequencing data and biomolecular strucures,https://sikic-lab.github.io/,Singapore,30,repo_known_org.csv
唯品会,https://github.com/vipshop,github.com,1,昇腾,cache-dit,推理加速,,全球精选，正品特卖 (NASDAQ: VIPS),www.vip.com,Guangzhou China,36,repo_known_org.csv
铜锁/Tongsuo,https://github.com/Tongsuo-Project,github.com,1,鲲鹏,Tongsuo(蚂蚁),基础库&加速库,,A vessel for Tongsuo and relatives,https://www.tongsuo.net,China,24,repo_known_org.csv
android,https://github.com/android,github.com,0,鲲鹏,Android(联通云),ARM原生,https://github.com/android,,,,0,organization.csv
bioconda,https://github.com/bioconda,github.com,0,鲲鹏,Bioconda,HPC,https://github.com/bioconda,,,,0,organization.csv
opea-project,https://github.com/opea-project,github.com,0,昇腾,OPEA,推理加速,https://github.com/opea-project,,,,0,organization.csv
open-mmlab,https://github.com/open-mmlab,github.com,0,昇腾,OpenMMLab,训练加速,https://github.com/open-mmlab,,,,0,organization.csv
python,https://github.com/python,github.com,0,鲲鹏,Python,基础库&加速库,https://github.com/python,,,,0,organization.csv
qwenlm,https://github.com/QwenLM,github.com,0,昇腾,QwenLM,推理加速,https://github.com/QwenLM,,,,0,organization.csv
spring-cloud,https://github.com/spring-cloud,github.com,0,鲲鹏,Spring Cloud,Web,https://github.com/spring-cloud,,,,0,organization.csv
